This is XeTeX, Version 3.141592653-2.6-0.999997 (TeX Live 2026/dev/Arch Linux) (preloaded format=xelatex 2026.4.6)  23 MAY 2026 22:12
entering extended mode
 restricted \write18 enabled.
 file:line:error style messages enabled.
 %&-line parsing enabled.
**/home/win7/Documents/Presentations/Presentations-Hub/GraphML/IA-PUCP_SummerCamp_2026
(/home/win7/Documents/Presentations/Presentations-Hub/GraphML/IA-PUCP_SummerCamp_2026.tex
LaTeX2e <2025-11-01>
L3 programming layer <2026-01-19>
(/usr/share/texmf-dist/tex/latex/beamer/beamer.cls
Document Class: beamer 2026/01/22 v3.77 A class for typesetting presentations
(/usr/share/texmf-dist/tex/latex/beamer/beamerbasemodes.sty (/usr/share/texmf-dist/tex/latex/etoolbox/etoolbox.sty
Package: etoolbox 2025/10/02 v2.5m e-TeX tools for LaTeX (JAW)
\etb@tempcnta=\count271
)
\beamer@tempbox=\box53
\beamer@tempcount=\count272
\c@beamerpauses=\count273
 (/usr/share/texmf-dist/tex/latex/beamer/beamerbasedecode.sty
\beamer@slideinframe=\count274
\beamer@minimum=\count275
\beamer@decode@box=\box54
)
\beamer@commentbox=\box55
\beamer@modecount=\count276
) (/usr/share/texmf-dist/tex/generic/iftex/iftex.sty
Package: iftex 2024/12/12 v1.0g TeX engine tests
)
\headdp=\dimen148
\footheight=\dimen149
\sidebarheight=\dimen150
\beamer@tempdim=\dimen151
\beamer@finalheight=\dimen152
\beamer@animht=\dimen153
\beamer@animdp=\dimen154
\beamer@animwd=\dimen155
\beamer@leftmargin=\dimen156
\beamer@rightmargin=\dimen157
\beamer@leftsidebar=\dimen158
\beamer@rightsidebar=\dimen159
\beamer@boxsize=\dimen160
\beamer@vboxoffset=\dimen161
\beamer@descdefault=\dimen162
\beamer@descriptionwidth=\dimen163
\beamer@lastskip=\skip49
\beamer@areabox=\box56
\beamer@animcurrent=\box57
\beamer@animshowbox=\box58
\beamer@sectionbox=\box59
\beamer@logobox=\box60
\beamer@linebox=\box61
\beamer@sectioncount=\count277
\beamer@subsubsectionmax=\count278
\beamer@subsectionmax=\count279
\beamer@sectionmax=\count280
\beamer@totalheads=\count281
\beamer@headcounter=\count282
\beamer@partstartpage=\count283
\beamer@sectionstartpage=\count284
\beamer@subsectionstartpage=\count285
\beamer@animationtempa=\count286
\beamer@animationtempb=\count287
\beamer@xpos=\count288
\beamer@ypos=\count289
\beamer@ypos@offset=\count290
\beamer@showpartnumber=\count291
\beamer@currentsubsection=\count292
\beamer@coveringdepth=\count293
\beamer@sectionadjust=\count294
\beamer@toclastsection=\count295
\beamer@tocsectionnumber=\count296
 (/usr/share/texmf-dist/tex/latex/beamer/beamerbaseoptions.sty (/usr/share/texmf-dist/tex/latex/graphics/keyval.sty
Package: keyval 2022/05/29 v1.15 key=value parser (DPC)
\KV@toks@=\toks17
))
\beamer@paperwidth=\skip50
\beamer@paperheight=\skip51
 (/usr/share/texmf-dist/tex/latex/geometry/geometry.sty
Package: geometry 2020/01/02 v5.9 Page Geometry
 (/usr/share/texmf-dist/tex/generic/iftex/ifvtex.sty
Package: ifvtex 2019/10/25 v1.7 ifvtex legacy package. Use iftex instead.
)
\Gm@cnth=\count297
\Gm@cntv=\count298
\c@Gm@tempcnt=\count299
\Gm@bindingoffset=\dimen164
\Gm@wd@mp=\dimen165
\Gm@odd@mp=\dimen166
\Gm@even@mp=\dimen167
\Gm@layoutwidth=\dimen168
\Gm@layoutheight=\dimen169
\Gm@layouthoffset=\dimen170
\Gm@layoutvoffset=\dimen171
\Gm@dimlist=\toks18
) (/usr/share/texmf-dist/tex/latex/pgf/math/pgfmath.sty (/usr/share/texmf-dist/tex/latex/pgf/utilities/pgfrcs.sty (/usr/share/texmf-dist/tex/generic/pgf/utilities/pgfutil-common.tex
\pgfutil@everybye=\toks19
\pgfutil@tempdima=\dimen172
\pgfutil@tempdimb=\dimen173
) (/usr/share/texmf-dist/tex/generic/pgf/utilities/pgfutil-latex.def
\pgfutil@abb=\box62
) (/usr/share/texmf-dist/tex/generic/pgf/utilities/pgfrcs.code.tex (/usr/share/texmf-dist/tex/generic/pgf/pgf.revision.tex)
Package: pgfrcs 2025-08-29 v3.1.11a (3.1.11a)
)) (/usr/share/texmf-dist/tex/latex/pgf/utilities/pgfkeys.sty (/usr/share/texmf-dist/tex/generic/pgf/utilities/pgfkeys.code.tex
\pgfkeys@pathtoks=\toks20
\pgfkeys@temptoks=\toks21
 (/usr/share/texmf-dist/tex/generic/pgf/utilities/pgfkeyslibraryfiltered.code.tex
\pgfkeys@tmptoks=\toks22
))) (/usr/share/texmf-dist/tex/generic/pgf/math/pgfmath.code.tex (/usr/share/texmf-dist/tex/generic/pgf/math/pgfmathutil.code.tex
\pgf@x=\dimen174
\pgf@xa=\dimen175
\pgf@xb=\dimen176
\pgf@xc=\dimen177
\pgf@y=\dimen178
\pgf@ya=\dimen179
\pgf@yb=\dimen180
\pgf@yc=\dimen181
\c@pgf@counta=\count300
\c@pgf@countb=\count301
\c@pgf@countc=\count302
\c@pgf@countd=\count303
) (/usr/share/texmf-dist/tex/generic/pgf/math/pgfmathparser.code.tex
\pgfmath@dimen=\dimen182
\pgfmath@count=\count304
\pgfmath@box=\box63
\pgfmath@toks=\toks23
\pgfmath@stack@operand=\toks24
\pgfmath@stack@operation=\toks25
) (/usr/share/texmf-dist/tex/generic/pgf/math/pgfmathfunctions.code.tex) (/usr/share/texmf-dist/tex/generic/pgf/math/pgfmathfunctions.basic.code.tex) (/usr/share/texmf-dist/tex/generic/pgf/math/pgfmathfunctions.trigonometric.code.tex) (/usr/share/texmf-dist/tex/generic/pgf/math/pgfmathfunctions.random.code.tex) (/usr/share/texmf-dist/tex/generic/pgf/math/pgfmathfunctions.comparison.code.tex) (/usr/share/texmf-dist/tex/generic/pgf/math/pgfmathfunctions.base.code.tex) (/usr/share/texmf-dist/tex/generic/pgf/math/pgfmathfunctions.round.code.tex) (/usr/share/texmf-dist/tex/generic/pgf/math/pgfmathfunctions.misc.code.tex) (/usr/share/texmf-dist/tex/generic/pgf/math/pgfmathfunctions.integerarithmetics.code.tex) (/usr/share/texmf-dist/tex/generic/pgf/math/pgfmathcalc.code.tex) (/usr/share/texmf-dist/tex/generic/pgf/math/pgfmathfloat.code.tex
\c@pgfmathroundto@lastzeros=\count305
))) (/usr/share/texmf-dist/tex/latex/base/size11.clo
File: size11.clo 2025/01/22 v1.4n Standard LaTeX file (size option)
) (/usr/share/texmf-dist/tex/latex/pgf/basiclayer/pgfcore.sty (/usr/share/texmf-dist/tex/latex/graphics/graphicx.sty
Package: graphicx 2024/12/31 v1.2e Enhanced LaTeX Graphics (DPC,SPQR)
 (/usr/share/texmf-dist/tex/latex/graphics/graphics.sty
Package: graphics 2024/08/06 v1.4g Standard LaTeX Graphics (DPC,SPQR)
 (/usr/share/texmf-dist/tex/latex/graphics/trig.sty
Package: trig 2023/12/02 v1.11 sin cos tan (DPC)
) (/usr/share/texmf-dist/tex/latex/graphics-cfg/graphics.cfg
File: graphics.cfg 2016/06/04 v1.11 sample graphics configuration
)
Package graphics Info: Driver file: xetex.def on input line 106.
 (/usr/share/texmf-dist/tex/latex/graphics-def/xetex.def
File: xetex.def 2025/11/01 v5.0p Graphics/color driver for xetex
))
\Gin@req@height=\dimen183
\Gin@req@width=\dimen184
) (/usr/share/texmf-dist/tex/latex/pgf/systemlayer/pgfsys.sty (/usr/share/texmf-dist/tex/generic/pgf/systemlayer/pgfsys.code.tex
Package: pgfsys 2025-08-29 v3.1.11a (3.1.11a)
\pgf@x=\dimen185
\pgf@y=\dimen186
\pgf@xa=\dimen187
\pgf@ya=\dimen188
\pgf@xb=\dimen189
\pgf@yb=\dimen190
\pgf@xc=\dimen191
\pgf@yc=\dimen192
\pgf@xd=\dimen193
\pgf@yd=\dimen194
\w@pgf@writea=\write3
\r@pgf@reada=\read2
\c@pgf@counta=\count306
\c@pgf@countb=\count307
\c@pgf@countc=\count308
\c@pgf@countd=\count309
\t@pgf@toka=\toks26
\t@pgf@tokb=\toks27
\t@pgf@tokc=\toks28
\pgf@sys@id@count=\count310
 (/usr/share/texmf-dist/tex/generic/pgf/systemlayer/pgf.cfg
File: pgf.cfg 2025-08-29 v3.1.11a (3.1.11a)
)
Driver file for pgf: pgfsys-xetex.def
 (/usr/share/texmf-dist/tex/generic/pgf/systemlayer/pgfsys-xetex.def
File: pgfsys-xetex.def 2025-08-29 v3.1.11a (3.1.11a)
 (/usr/share/texmf-dist/tex/generic/pgf/systemlayer/pgfsys-dvipdfmx.def
File: pgfsys-dvipdfmx.def 2025-08-29 v3.1.11a (3.1.11a)
 (/usr/share/texmf-dist/tex/generic/pgf/systemlayer/pgfsys-common-pdf.def
File: pgfsys-common-pdf.def 2025-08-29 v3.1.11a (3.1.11a)
)
\pgfsys@objnum=\count311
))) (/usr/share/texmf-dist/tex/generic/pgf/systemlayer/pgfsyssoftpath.code.tex
File: pgfsyssoftpath.code.tex 2025-08-29 v3.1.11a (3.1.11a)
\pgfsyssoftpath@smallbuffer@items=\count312
\pgfsyssoftpath@bigbuffer@items=\count313
) (/usr/share/texmf-dist/tex/generic/pgf/systemlayer/pgfsysprotocol.code.tex
File: pgfsysprotocol.code.tex 2025-08-29 v3.1.11a (3.1.11a)
)) (/usr/share/texmf-dist/tex/latex/xcolor/xcolor.sty
Package: xcolor 2024/09/29 v3.02 LaTeX color extensions (UK)
 (/usr/share/texmf-dist/tex/latex/graphics-cfg/color.cfg
File: color.cfg 2016/01/02 v1.6 sample color configuration
)
Package xcolor Info: Driver file: xetex.def on input line 274.
 (/usr/share/texmf-dist/tex/latex/graphics/mathcolor.ltx)
Package xcolor Info: Model `cmy' substituted by `cmy0' on input line 1349.
Package xcolor Info: Model `RGB' extended on input line 1365.
Package xcolor Info: Model `HTML' substituted by `rgb' on input line 1367.
Package xcolor Info: Model `Hsb' substituted by `hsb' on input line 1368.
Package xcolor Info: Model `tHsb' substituted by `hsb' on input line 1369.
Package xcolor Info: Model `HSB' substituted by `hsb' on input line 1370.
Package xcolor Info: Model `Gray' substituted by `gray' on input line 1371.
Package xcolor Info: Model `wave' substituted by `hsb' on input line 1372.
) (/usr/share/texmf-dist/tex/generic/pgf/basiclayer/pgfcore.code.tex
Package: pgfcore 2025-08-29 v3.1.11a (3.1.11a)
 (/usr/share/texmf-dist/tex/generic/pgf/math/pgfint.code.tex) (/usr/share/texmf-dist/tex/generic/pgf/basiclayer/pgfcorepoints.code.tex
File: pgfcorepoints.code.tex 2025-08-29 v3.1.11a (3.1.11a)
\pgf@picminx=\dimen195
\pgf@picmaxx=\dimen196
\pgf@picminy=\dimen197
\pgf@picmaxy=\dimen198
\pgf@pathminx=\dimen199
\pgf@pathmaxx=\dimen256
\pgf@pathminy=\dimen257
\pgf@pathmaxy=\dimen258
\pgf@xx=\dimen259
\pgf@xy=\dimen260
\pgf@yx=\dimen261
\pgf@yy=\dimen262
\pgf@zx=\dimen263
\pgf@zy=\dimen264
) (/usr/share/texmf-dist/tex/generic/pgf/basiclayer/pgfcorepathconstruct.code.tex
File: pgfcorepathconstruct.code.tex 2025-08-29 v3.1.11a (3.1.11a)
\pgf@path@lastx=\dimen265
\pgf@path@lasty=\dimen266
) (/usr/share/texmf-dist/tex/generic/pgf/basiclayer/pgfcorepathusage.code.tex
File: pgfcorepathusage.code.tex 2025-08-29 v3.1.11a (3.1.11a)
\pgf@shorten@end@additional=\dimen267
\pgf@shorten@start@additional=\dimen268
) (/usr/share/texmf-dist/tex/generic/pgf/basiclayer/pgfcorescopes.code.tex
File: pgfcorescopes.code.tex 2025-08-29 v3.1.11a (3.1.11a)
\pgfpic=\box64
\pgf@hbox=\box65
\pgf@layerbox@main=\box66
\pgf@picture@serial@count=\count314
) (/usr/share/texmf-dist/tex/generic/pgf/basiclayer/pgfcoregraphicstate.code.tex
File: pgfcoregraphicstate.code.tex 2025-08-29 v3.1.11a (3.1.11a)
\pgflinewidth=\dimen269
) (/usr/share/texmf-dist/tex/generic/pgf/basiclayer/pgfcoretransformations.code.tex
File: pgfcoretransformations.code.tex 2025-08-29 v3.1.11a (3.1.11a)
\pgf@pt@x=\dimen270
\pgf@pt@y=\dimen271
\pgf@pt@temp=\dimen272
) (/usr/share/texmf-dist/tex/generic/pgf/basiclayer/pgfcorequick.code.tex
File: pgfcorequick.code.tex 2025-08-29 v3.1.11a (3.1.11a)
) (/usr/share/texmf-dist/tex/generic/pgf/basiclayer/pgfcoreobjects.code.tex
File: pgfcoreobjects.code.tex 2025-08-29 v3.1.11a (3.1.11a)
) (/usr/share/texmf-dist/tex/generic/pgf/basiclayer/pgfcorepathprocessing.code.tex
File: pgfcorepathprocessing.code.tex 2025-08-29 v3.1.11a (3.1.11a)
) (/usr/share/texmf-dist/tex/generic/pgf/basiclayer/pgfcorearrows.code.tex
File: pgfcorearrows.code.tex 2025-08-29 v3.1.11a (3.1.11a)
\pgfarrowsep=\dimen273
) (/usr/share/texmf-dist/tex/generic/pgf/basiclayer/pgfcoreshade.code.tex
File: pgfcoreshade.code.tex 2025-08-29 v3.1.11a (3.1.11a)
\pgf@max=\dimen274
\pgf@sys@shading@range@num=\count315
\pgf@shadingcount=\count316
) (/usr/share/texmf-dist/tex/generic/pgf/basiclayer/pgfcoreimage.code.tex
File: pgfcoreimage.code.tex 2025-08-29 v3.1.11a (3.1.11a)
) (/usr/share/texmf-dist/tex/generic/pgf/basiclayer/pgfcoreexternal.code.tex
File: pgfcoreexternal.code.tex 2025-08-29 v3.1.11a (3.1.11a)
\pgfexternal@startupbox=\box67
) (/usr/share/texmf-dist/tex/generic/pgf/basiclayer/pgfcorelayers.code.tex
File: pgfcorelayers.code.tex 2025-08-29 v3.1.11a (3.1.11a)
) (/usr/share/texmf-dist/tex/generic/pgf/basiclayer/pgfcoretransparency.code.tex
File: pgfcoretransparency.code.tex 2025-08-29 v3.1.11a (3.1.11a)
) (/usr/share/texmf-dist/tex/generic/pgf/basiclayer/pgfcorepatterns.code.tex
File: pgfcorepatterns.code.tex 2025-08-29 v3.1.11a (3.1.11a)
) (/usr/share/texmf-dist/tex/generic/pgf/basiclayer/pgfcorerdf.code.tex
File: pgfcorerdf.code.tex 2025-08-29 v3.1.11a (3.1.11a)
))) (/usr/share/texmf-dist/tex/latex/pgf/utilities/xxcolor.sty
Package: xxcolor 2003/10/24 ver 0.1
\XC@nummixins=\count317
\XC@countmixins=\count318
) (/usr/share/texmf-dist/tex/latex/base/atbegshi-ltx.sty
Package: atbegshi-ltx 2021/01/10 v1.0c Emulation of the original atbegshi
package with kernel methods
) (/usr/share/texmf-dist/tex/latex/hyperref/hyperref.sty
Package: hyperref 2026-01-29 v7.01p Hypertext links for LaTeX
 (/usr/share/texmf-dist/tex/latex/kvsetkeys/kvsetkeys.sty
Package: kvsetkeys 2022-10-05 v1.19 Key value parser (HO)
) (/usr/share/texmf-dist/tex/generic/kvdefinekeys/kvdefinekeys.sty
Package: kvdefinekeys 2019-12-19 v1.6 Define keys (HO)
) (/usr/share/texmf-dist/tex/generic/pdfescape/pdfescape.sty
Package: pdfescape 2019/12/09 v1.15 Implements pdfTeX's escape features (HO)
 (/usr/share/texmf-dist/tex/generic/ltxcmds/ltxcmds.sty
Package: ltxcmds 2023-12-04 v1.26 LaTeX kernel commands for general use (HO)
) (/usr/share/texmf-dist/tex/generic/pdftexcmds/pdftexcmds.sty
Package: pdftexcmds 2020-06-27 v0.33 Utility functions of pdfTeX for LuaTeX (HO)
 (/usr/share/texmf-dist/tex/generic/infwarerr/infwarerr.sty
Package: infwarerr 2019/12/03 v1.5 Providing info/warning/error messages (HO)
)
Package pdftexcmds Info: \pdf@primitive is available.
Package pdftexcmds Info: \pdf@ifprimitive is available.
Package pdftexcmds Info: \pdfdraftmode not found.
)) (/usr/share/texmf-dist/tex/latex/hycolor/hycolor.sty
Package: hycolor 2020-01-27 v1.10 Color options for hyperref/bookmark (HO)
) (/usr/share/texmf-dist/tex/latex/hyperref/nameref.sty
Package: nameref 2026-01-29 v2.58 Cross-referencing by name of section
 (/usr/share/texmf-dist/tex/latex/refcount/refcount.sty
Package: refcount 2019/12/15 v3.6 Data extraction from label references (HO)
) (/usr/share/texmf-dist/tex/generic/gettitlestring/gettitlestring.sty
Package: gettitlestring 2019/12/15 v1.6 Cleanup title references (HO)
 (/usr/share/texmf-dist/tex/latex/kvoptions/kvoptions.sty
Package: kvoptions 2022-06-15 v3.15 Key value format for package options (HO)
))
\c@section@level=\count319
) (/usr/share/texmf-dist/tex/generic/stringenc/stringenc.sty
Package: stringenc 2019/11/29 v1.12 Convert strings between diff. encodings (HO)
)
\@linkdim=\dimen275
\Hy@linkcounter=\count320
\Hy@pagecounter=\count321
 (/usr/share/texmf-dist/tex/latex/hyperref/pd1enc.def
File: pd1enc.def 2026-01-29 v7.01p Hyperref: PDFDocEncoding definition (HO)
) (/usr/share/texmf-dist/tex/generic/intcalc/intcalc.sty
Package: intcalc 2019/12/15 v1.3 Expandable calculations with integers (HO)
)
\Hy@SavedSpaceFactor=\count322
 (/usr/share/texmf-dist/tex/latex/hyperref/puenc.def
File: puenc.def 2026-01-29 v7.01p Hyperref: PDF Unicode definition (HO)
)
Package hyperref Info: Option `bookmarks' set `true' on input line 4072.
Package hyperref Info: Option `bookmarksopen' set `true' on input line 4072.
Package hyperref Info: Option `implicit' set `false' on input line 4072.
Package hyperref Info: Hyper figures OFF on input line 4201.
Package hyperref Info: Link nesting OFF on input line 4206.
Package hyperref Info: Hyper index ON on input line 4209.
Package hyperref Info: Plain pages OFF on input line 4216.
Package hyperref Info: Backreferencing OFF on input line 4221.
Package hyperref Info: Implicit mode OFF; no redefinition of LaTeX internals.
Package hyperref Info: Bookmarks ON on input line 4468.
\c@Hy@tempcnt=\count323
 (/usr/share/texmf-dist/tex/latex/url/url.sty
\Urlmuskip=\muskip17
Package: url 2013/09/16  ver 3.4  Verb mode for urls, etc.
)
LaTeX Info: Redefining \url on input line 4807.
\XeTeXLinkMargin=\dimen276
 (/usr/share/texmf-dist/tex/generic/bitset/bitset.sty
Package: bitset 2019/12/09 v1.3 Handle bit-vector datatype (HO)
 (/usr/share/texmf-dist/tex/generic/bigintcalc/bigintcalc.sty
Package: bigintcalc 2019/12/15 v1.5 Expandable calculations on big integers (HO)
))
\Fld@menulength=\count324
\Field@Width=\dimen277
\Fld@charsize=\dimen278
Package hyperref Info: Hyper figures OFF on input line 6084.
Package hyperref Info: Link nesting OFF on input line 6089.
Package hyperref Info: Hyper index ON on input line 6092.
Package hyperref Info: backreferencing OFF on input line 6099.
Package hyperref Info: Link coloring OFF on input line 6104.
Package hyperref Info: Link coloring with OCG OFF on input line 6109.
Package hyperref Info: PDF/A mode OFF on input line 6114.
\Hy@abspage=\count325


Package hyperref Message: Stopped early.

)
Package hyperref Info: Driver (autodetected): hxetex.
 (/usr/share/texmf-dist/tex/latex/hyperref/hxetex.def
File: hxetex.def 2026-01-29 v7.01p Hyperref driver for XeTeX
\pdfm@box=\box68
\c@Hy@AnnotLevel=\count326
\HyField@AnnotCount=\count327
\Fld@listcount=\count328
\c@bookmark@seq@number=\count329
 (/usr/share/texmf-dist/tex/latex/rerunfilecheck/rerunfilecheck.sty
Package: rerunfilecheck 2025-06-21 v1.11 Rerun checks for auxiliary files (HO)
 (/usr/share/texmf-dist/tex/generic/uniquecounter/uniquecounter.sty
Package: uniquecounter 2019/12/15 v1.4 Provide unlimited unique counter (HO)
)
Package uniquecounter Info: New unique counter `rerunfilecheck' on input line 284.
)) (/usr/share/texmf-dist/tex/latex/beamer/beamerbaserequires.sty (/usr/share/texmf-dist/tex/latex/beamer/beamerbasecompatibility.sty) (/usr/share/texmf-dist/tex/latex/beamer/beamerbasefont.sty (/usr/share/texmf-dist/tex/latex/amsfonts/amssymb.sty
Package: amssymb 2013/01/14 v3.01 AMS font symbols
 (/usr/share/texmf-dist/tex/latex/amsfonts/amsfonts.sty
Package: amsfonts 2013/01/14 v3.01 Basic AMSFonts support
\@emptytoks=\toks29
\symAMSa=\mathgroup4
\symAMSb=\mathgroup5
LaTeX Font Info:    Redeclaring math symbol \hbar on input line 98.
LaTeX Font Info:    Overwriting math alphabet `\mathfrak' in version `bold'
(Font)                  U/euf/m/n --> U/euf/b/n on input line 106.
)) (/usr/share/texmf-dist/tex/latex/sansmathaccent/sansmathaccent.sty
Package: sansmathaccent 2020/01/31
 (/usr/share/texmf-dist/tex/latex/koma-script/scrlfile.sty
Package: scrlfile 2026/02/02 v3.49.2 KOMA-Script package (file load hooks)
 (/usr/share/texmf-dist/tex/latex/koma-script/scrlfile-hook.sty
Package: scrlfile-hook 2026/02/02 v3.49.2 KOMA-Script package (using LaTeX hooks)
 (/usr/share/texmf-dist/tex/latex/koma-script/scrlogo.sty
Package: scrlogo 2026/02/02 v3.49.2 KOMA-Script package (logo)
))))) (/usr/share/texmf-dist/tex/latex/beamer/beamerbasetranslator.sty (/usr/share/texmf-dist/tex/latex/translator/translator.sty
Package: translator 2021-05-31 v1.12d Easy translation of strings in LaTeX
)) (/usr/share/texmf-dist/tex/latex/beamer/beamerbasemisc.sty) (/usr/share/texmf-dist/tex/latex/beamer/beamerbasetwoscreens.sty) (/usr/share/texmf-dist/tex/latex/beamer/beamerbaseoverlay.sty
\beamer@argscount=\count330
\beamer@lastskipcover=\skip52
\beamer@trivlistdepth=\count331
) (/usr/share/texmf-dist/tex/latex/beamer/beamerbasetitle.sty) (/usr/share/texmf-dist/tex/latex/beamer/beamerbasesection.sty
\c@lecture=\count332
\c@part=\count333
\c@section=\count334
\c@subsection=\count335
\c@subsubsection=\count336
) (/usr/share/texmf-dist/tex/latex/beamer/beamerbaseframe.sty
\beamer@framebox=\box69
\beamer@frametitlebox=\box70
\beamer@zoombox=\box71
\beamer@zoomcount=\count337
\beamer@zoomframecount=\count338
\beamer@frametextheight=\dimen279
\c@subsectionslide=\count339
\beamer@frametopskip=\skip53
\beamer@framebottomskip=\skip54
\beamer@frametopskipautobreak=\skip55
\beamer@framebottomskipautobreak=\skip56
\beamer@envbody=\toks30
\framewidth=\dimen280
\c@framenumber=\count340
) (/usr/share/texmf-dist/tex/latex/beamer/beamerbaseverbatim.sty
\beamer@verbatimfileout=\write4
) (/usr/share/texmf-dist/tex/latex/beamer/beamerbaseframesize.sty
\beamer@splitbox=\box72
\beamer@autobreakcount=\count341
\beamer@autobreaklastheight=\dimen281
\beamer@frametitletoks=\toks31
\beamer@framesubtitletoks=\toks32
) (/usr/share/texmf-dist/tex/latex/beamer/beamerbaseframecomponents.sty
\beamer@colheight=\skip57
\beamer@footins=\box73
) (/usr/share/texmf-dist/tex/latex/beamer/beamerbasecolor.sty) (/usr/share/texmf-dist/tex/latex/beamer/beamerbasenotes.sty
\beamer@frameboxcopy=\box74
) (/usr/share/texmf-dist/tex/latex/beamer/beamerbasetoc.sty) (/usr/share/texmf-dist/tex/latex/beamer/beamerbasetemplates.sty
\beamer@sbttoks=\toks33
 (/usr/share/texmf-dist/tex/latex/beamer/beamerbaseauxtemplates.sty (/usr/share/texmf-dist/tex/latex/beamer/beamerbaseboxes.sty
\bmb@box=\box75
\bmb@colorbox=\box76
\bmb@boxwidth=\dimen282
\bmb@boxheight=\dimen283
\bmb@prevheight=\dimen284
\bmb@temp=\dimen285
\bmb@dima=\dimen286
\bmb@dimb=\dimen287
\bmb@prevheight=\dimen288
)
\beamer@blockheadheight=\dimen289
)) (/usr/share/texmf-dist/tex/latex/beamer/beamerbaselocalstructure.sty (/usr/share/texmf-dist/tex/latex/tools/enumerate.sty
Package: enumerate 2023/07/04 v3.00 enumerate extensions (DPC)
\@enLab=\toks34
)
\beamer@bibiconwidth=\skip58
\c@figure=\count342
\c@table=\count343
\abovecaptionskip=\skip59
\belowcaptionskip=\skip60
) (/usr/share/texmf-dist/tex/latex/beamer/beamerbasenavigation.sty (/usr/share/texmf-dist/tex/latex/beamer/beamerbasenavigationsymbols.tex)
\beamer@section@min@dim=\dimen290
) (/usr/share/texmf-dist/tex/latex/beamer/beamerbasetheorems.sty (/usr/share/texmf-dist/tex/latex/amsmath/amsmath.sty
Package: amsmath 2025/07/09 v2.17z AMS math features
\@mathmargin=\skip61

For additional information on amsmath, use the `?' option.
(/usr/share/texmf-dist/tex/latex/amsmath/amstext.sty
Package: amstext 2024/11/17 v2.01 AMS text
 (/usr/share/texmf-dist/tex/latex/amsmath/amsgen.sty
File: amsgen.sty 1999/11/30 v2.0 generic functions
\@emptytoks=\toks35
\ex@=\dimen291
)) (/usr/share/texmf-dist/tex/latex/amsmath/amsbsy.sty
Package: amsbsy 1999/11/29 v1.2d Bold Symbols
\pmbraise@=\dimen292
) (/usr/share/texmf-dist/tex/latex/amsmath/amsopn.sty
Package: amsopn 2022/04/08 v2.04 operator names
)
\inf@bad=\count344
LaTeX Info: Redefining \frac on input line 233.
\uproot@=\count345
\leftroot@=\count346
LaTeX Info: Redefining \overline on input line 398.
LaTeX Info: Redefining \colon on input line 409.
\classnum@=\count347
\DOTSCASE@=\count348
LaTeX Info: Redefining \ldots on input line 495.
LaTeX Info: Redefining \dots on input line 498.
LaTeX Info: Redefining \cdots on input line 619.
\Mathstrutbox@=\box77
\strutbox@=\box78
LaTeX Info: Redefining \big on input line 721.
LaTeX Info: Redefining \Big on input line 722.
LaTeX Info: Redefining \bigg on input line 723.
LaTeX Info: Redefining \Bigg on input line 724.
\big@size=\dimen293
LaTeX Font Info:    Redeclaring font encoding OML on input line 742.
LaTeX Font Info:    Redeclaring font encoding OMS on input line 743.
\macc@depth=\count349
LaTeX Info: Redefining \bmod on input line 904.
LaTeX Info: Redefining \pmod on input line 909.
LaTeX Info: Redefining \smash on input line 939.
LaTeX Info: Redefining \relbar on input line 969.
LaTeX Info: Redefining \Relbar on input line 970.
\c@MaxMatrixCols=\count350
\dotsspace@=\muskip18
\c@parentequation=\count351
\dspbrk@lvl=\count352
\tag@help=\toks36
\row@=\count353
\column@=\count354
\maxfields@=\count355
\andhelp@=\toks37
\eqnshift@=\dimen294
\alignsep@=\dimen295
\tagshift@=\dimen296
\tagwidth@=\dimen297
\totwidth@=\dimen298
\lineht@=\dimen299
\@envbody=\toks38
\multlinegap=\skip62
\multlinetaggap=\skip63
\mathdisplay@stack=\toks39
LaTeX Info: Redefining \[ on input line 2950.
LaTeX Info: Redefining \] on input line 2951.
) (/usr/share/texmf-dist/tex/latex/amscls/amsthm.sty
Package: amsthm 2020/05/29 v2.20.6
\thm@style=\toks40
\thm@bodyfont=\toks41
\thm@headfont=\toks42
\thm@notefont=\toks43
\thm@headpunct=\toks44
\thm@preskip=\skip64
\thm@postskip=\skip65
\thm@headsep=\skip66
\dth@everypar=\toks45
)
\c@theorem=\count356
) (/usr/share/texmf-dist/tex/latex/beamer/beamerbasethemes.sty)) (/usr/share/texmf-dist/tex/latex/beamer/beamerthemedefault.sty (/usr/share/texmf-dist/tex/latex/beamer/beamerfontthemedefault.sty) (/usr/share/texmf-dist/tex/latex/beamer/beamercolorthemedefault.sty) (/usr/share/texmf-dist/tex/latex/beamer/beamerinnerthemedefault.sty
\beamer@dima=\dimen300
\beamer@dimb=\dimen301
) (/usr/share/texmf-dist/tex/latex/beamer/beamerouterthemedefault.sty))) (/usr/share/texmf-dist/tex/latex/base/fontenc.sty
Package: fontenc 2025/07/18 v2.1d Standard LaTeX package
LaTeX Font Info:    Trying to load font information for T1+lmss on input line 116.
 (/usr/share/texmf-dist/tex/latex/lm/t1lmss.fd
File: t1lmss.fd 2015/05/01 v1.6.1 Font defs for Latin Modern
)) (/usr/share/texmf-dist/tex/generic/babel/babel.sty
Package: babel 2026/02/14 v26.3 The multilingual framework for LuaLaTeX, pdfLaTeX and XeLaTeX
\babel@savecnt=\count357
LaTeX Encoding Info:    Redeclaring text command \ij (encoding OT1) on input line 2078.
LaTeX Encoding Info:    Redeclaring text command \IJ (encoding OT1) on input line 2080.
LaTeX Encoding Info:    Redeclaring text command \ij (encoding T1) on input line 2082.
LaTeX Encoding Info:    Redeclaring text command \IJ (encoding T1) on input line 2083.
LaTeX Encoding Info:    Ignoring declaration for text command \ij (encoding ?) on input line 2084.
LaTeX Encoding Info:    Ignoring declaration for text command \IJ (encoding ?) on input line 2086.
LaTeX Encoding Info:    Ignoring declaration for text command \SS (encoding ?) on input line 2111.
\U@D=\dimen302
\l@unhyphenated=\language3
 (/usr/share/texmf-dist/tex/generic/babel/xebabel.def)
\bbl@readstream=\read3
LaTeX Info: Redefining \textlatin on input line 3974.
\bbl@dirlevel=\count358
 (/usr/share/texmf-dist/tex/generic/babel/locale/en/babel-english.tex)
Package babel Info: Importing font and identification data for english
(babel)             from babel-en.ini. Reported on input line 4330.
 (/usr/share/texmf-dist/tex/generic/babel-english/english.ldf
Language: english 2017/06/06 v3.3r English support from the babel system
Package babel Info: Hyphen rules for 'british' set to \l@english
(babel)             (\language0). Reported on input line 82.
Package babel Info: Hyphen rules for 'UKenglish' set to \l@english
(babel)             (\language0). Reported on input line 83.
Package babel Info: Hyphen rules for 'canadian' set to \l@english
(babel)             (\language0). Reported on input line 102.
Package babel Info: Hyphen rules for 'australian' set to \l@english
(babel)             (\language0). Reported on input line 105.
Package babel Info: Hyphen rules for 'newzealand' set to \l@english
(babel)             (\language0). Reported on input line 108.
)) (/usr/share/texmf-dist/tex/latex/pgf/utilities/pgfpages.sty
Package: pgfpages 2011/01/05 ver 0.02
 (/usr/share/texmf-dist/tex/latex/tools/calc.sty
Package: calc 2025/03/01 v4.3b Infix arithmetic (KKT,FJ)
\calc@Acount=\count359
\calc@Bcount=\count360
\calc@Adimen=\dimen303
\calc@Bdimen=\dimen304
\calc@Askip=\skip67
\calc@Bskip=\skip68
LaTeX Info: Redefining \setlength on input line 86.
LaTeX Info: Redefining \addtolength on input line 87.
\calc@Ccount=\count361
\calc@Cskip=\skip69
)
\pgf@logicalpages=\count362
\pgf@firstshipout=\count363
\pgf@lastshipout=\count364
\pgf@currentshipout=\count365
\pgf@cpn=\count366
\pgf@shipoutnextto=\count367
\pgfphysicalheight=\dimen305
\pgfphysicalwidth=\dimen306
\pgfpages@shipoutbox=\box79
) (/usr/share/texmf-dist/tex/latex/base/latexsym.sty
Package: latexsym 1998/08/17 v2.2e Standard LaTeX package (lasy symbols)
\symlasy=\mathgroup6
LaTeX Font Info:    Overwriting symbol font `lasy' in version `bold'
(Font)                  U/lasy/m/n --> U/lasy/b/n on input line 52.
) (/usr/share/texmf-dist/tex/latex/tools/multicol.sty
Package: multicol 2025/10/21 v2.0b multicolumn formatting (FMi)
\c@tracingmulticols=\count368
\mult@box=\box80
\multicol@leftmargin=\dimen307
\c@unbalance=\count369
\c@collectmore=\count370
\doublecol@number=\count371
\multicoltolerance=\count372
\multicolpretolerance=\count373
\full@width=\dimen308
\page@free=\dimen309
\premulticols=\dimen310
\postmulticols=\dimen311
\multicolsep=\skip70
\multicolbaselineskip=\skip71
\partial@page=\box81
\last@line=\box82
\mc@boxedresult=\box83
\maxbalancingoverflow=\dimen312
\mult@rightbox=\box84
\mult@grightbox=\box85
\mult@firstbox=\box86
\mult@gfirstbox=\box87
\@tempa=\box88
\@tempa=\box89
\@tempa=\box90
\@tempa=\box91
\@tempa=\box92
\@tempa=\box93
\@tempa=\box94
\@tempa=\box95
\@tempa=\box96
\@tempa=\box97
\@tempa=\box98
\@tempa=\box99
\@tempa=\box100
\@tempa=\box101
\@tempa=\box102
\@tempa=\box103
\@tempa=\box104
\@tempa=\box105
\@tempa=\box106
\@tempa=\box107
\@tempa=\box108
\@tempa=\box109
\@tempa=\box110
\@tempa=\box111
\@tempa=\box112
\@tempa=\box113
\@tempa=\box114
\@tempa=\box115
\@tempa=\box116
\@tempa=\box117
\@tempa=\box118
\@tempa=\box119
\@tempa=\box120
\@tempa=\box121
\@tempa=\box122
\@tempa=\box123
\c@minrows=\count374
\c@columnbadness=\count375
\c@finalcolumnbadness=\count376
\last@try=\dimen313
\multicolovershoot=\dimen314
\multicolundershoot=\dimen315
\mult@nat@firstbox=\box124
\colbreak@box=\box125
\mc@col@check@num=\count377
\g__mc_curr_col_int=\count378
) (/usr/share/texmf-dist/tex/latex/booktabs/booktabs.sty
Package: booktabs 2020/01/12 v1.61803398 Publication quality tables
\heavyrulewidth=\dimen316
\lightrulewidth=\dimen317
\cmidrulewidth=\dimen318
\belowrulesep=\dimen319
\belowbottomsep=\dimen320
\aboverulesep=\dimen321
\abovetopsep=\dimen322
\cmidrulesep=\dimen323
\cmidrulekern=\dimen324
\defaultaddspace=\dimen325
\@cmidla=\count379
\@cmidlb=\count380
\@aboverulesep=\dimen326
\@belowrulesep=\dimen327
\@thisruleclass=\count381
\@lastruleclass=\count382
\@thisrulewidth=\dimen328
) (/usr/share/texmf-dist/tex/latex/fundus-calligra/calligra.sty
Package: calligra 2012/04/10 v1.9 LaTeX package calligra
) (/usr/share/texmf-dist/tex/latex/listings/listings.sty
\lst@mode=\count383
\lst@gtempboxa=\box126
\lst@token=\toks46
\lst@length=\count384
\lst@currlwidth=\dimen329
\lst@column=\count385
\lst@pos=\count386
\lst@lostspace=\dimen330
\lst@width=\dimen331
\lst@newlines=\count387
\lst@lineno=\count388
\lst@maxwidth=\dimen332
 (/usr/share/texmf-dist/tex/latex/listings/lstpatch.sty
File: lstpatch.sty 2025/11/14 1.11b (Carsten Heinz)
) (/usr/share/texmf-dist/tex/latex/listings/lstmisc.sty
File: lstmisc.sty 2025/11/14 1.11b (Carsten Heinz)
\c@lstnumber=\count389
\lst@skipnumbers=\count390
\lst@framebox=\box127
) (/usr/share/texmf-dist/tex/latex/listings/listings.cfg
File: listings.cfg 2025/11/14 1.11b listings configuration
))
Package: listings 2025/11/14 1.11b (Carsten Heinz)

==> First Aid for listings.sty no longer applied!
    Expected:
        2024/09/23 1.10c (Carsten Heinz)
    but found:
        2025/11/14 1.11b (Carsten Heinz)
    so I'm assuming it got fixed.
(/usr/share/texmf-dist/tex/latex/stackengine/stackengine.sty
Package: stackengine 2021/07/22 v4.11\ Stacking text and objects in convenient ways
 (/usr/share/texmf-dist/tex/generic/listofitems/listofitems.sty (/usr/share/texmf-dist/tex/generic/listofitems/listofitems.tex
\loi_cnt_foreach_nest=\count391
\loi_nestcnt=\count392
)
Package: listofitems 2024/03/09 v1.65 Grab items in lists using user-specified sep char (CT)
)
\c@@stackindex=\count393
\@boxshift=\skip72
\stack@tmplength=\skip73
\temp@stkl=\skip74
\@stackedboxwidth=\skip75
\@addedbox=\box128
\@anchorbox=\box129
\@insetbox=\box130
\se@backgroundbox=\box131
\stackedbox=\box132
\@centerbox=\box133
\c@ROWcellindex@=\count394
) (/usr/share/texmf-dist/tex/latex/animate/animate.sty
Package: animate 2024/10/14 PDF & SVG animations from files and inline graphics
 (/usr/share/texmf-dist/tex/latex/base/ifthen.sty
Package: ifthen 2024/03/16 v1.1e Standard LaTeX ifthen package (DPC)
) (/usr/share/texmf-dist/tex/latex/oberdiek/ifdraft.sty
Package: ifdraft 2016/05/16 v1.4 Detect class options draft and final (HO)
) (/usr/share/texmf-dist/tex/latex/media9/pdfbase.sty
Package: pdfbase 2024/09/16 v0.59 driver independent access to low-level PDF features
 (/usr/share/texmf-dist/tex/latex/l3backend/l3backend-xetex.def
File: l3backend-xetex.def 2025-10-09 L3 backend support: XeTeX
\g__graphics_track_int=\count395
\g__pdfannot_backend_int=\count396
\g__pdfannot_backend_link_int=\count397
)
\g_pbs_page_int=\count398
\g_pbs_obj_int=\count399
\g_pbs_oc_int=\count400
) (/usr/share/texmf-dist/tex/latex/zref/zref-abspage.sty
Package: zref-abspage 2025-06-08 v2.36 Module abspage for zref (HO)
 (/usr/share/texmf-dist/tex/latex/zref/zref-base.sty
Package: zref-base 2025-06-08 v2.36 Module base for zref (HO)
 (/usr/share/texmf-dist/tex/generic/etexcmds/etexcmds.sty
Package: etexcmds 2019/12/15 v1.7 Avoid name clashes with e-TeX commands (HO)
) (/usr/share/texmf-dist/tex/latex/auxhook/auxhook.sty
Package: auxhook 2019-12-17 v1.6 Hooks for auxiliary files (HO)
)
Package zref Info: New property list: main on input line 767.
Package zref Info: New property: default on input line 768.
Package zref Info: New property: page on input line 769.
)
\c@abspage=\count401
Package zref Info: New property: abspage on input line 67.
) (/usr/share/texmf-dist/tex/latex/ocgx2/ocgbase.sty
Package: ocgbase 2024/09/15 v0.24 support package for ocgx2.sty
)
\@anim@box=\box134
\@anim@measbox=\box135
\@anim@tmpdima=\dimen333
\@anim@tmpdimb=\dimen334
\@anim@num=\count402
\@anim@curframe=\count403
\@anim@curframe@zb=\count404
\@anim@resizeflags=\count405
\@anim@skipfram=\count406
\@anim@mulframecnt=\count407
\@anim@@tmlnfile=\read4
\@anim@tmpcnt=\count408
\c@@anim@ltxcnt=\count409
\@anim@curlayer=\count410
\@anim@lineno=\count411
\@anim@curfield=\count412
\@anim@@resizeflags=\count413
) (/usr/share/texmf-dist/tex/latex/colortbl/colortbl.sty
Package: colortbl 2024/10/29 v1.0k Color table columns (DPC)
 (/usr/share/texmf-dist/tex/latex/tools/array.sty
Package: array 2025/09/25 v2.6n Tabular extension package (FMi)
\col@sep=\dimen335
\ar@mcellbox=\box136
\extrarowheight=\dimen336
\NC@list=\toks47
\extratabsurround=\skip76
\backup@length=\skip77
\ar@cellbox=\box137
)
\everycr=\toks48
\minrowclearance=\skip78
\rownum=\count414
) (/usr/share/texmf-dist/tex/latex/algorithm2e/algorithm2e.sty
Invalid UTF-8 byte or sequence at line 284 replaced by U+FFFD.
Invalid UTF-8 byte or sequence at line 299 replaced by U+FFFD.
Invalid UTF-8 byte or sequence at line 550 replaced by U+FFFD.
Package: algorithm2e 2017/07/18 v5.2 algorithms environments
\c@AlgoLine=\count415
\algocf@hangindent=\skip79
 (/usr/share/texmf-dist/tex/latex/ifoddpage/ifoddpage.sty
Package: ifoddpage 2022/10/18 v1.2 Conditionals for odd/even page detection
\c@checkoddpage=\count416
) (/usr/share/texmf-dist/tex/latex/tools/xspace.sty
Package: xspace 2014/10/28 v1.13 Space after command names (DPC,MH)
) (/usr/share/texmf-dist/tex/latex/relsize/relsize.sty
Package: relsize 2013/03/29 ver 4.1
)
\skiptotal=\skip80
\skiplinenumber=\skip81
\skiprule=\skip82
\skiphlne=\skip83
\skiptext=\skip84
\skiplength=\skip85
\algomargin=\skip86
\skipalgocfslide=\skip87
\algowidth=\dimen337
\inoutsize=\dimen338
\inoutindent=\dimen339
\interspacetitleruled=\dimen340
\interspacealgoruled=\dimen341
\interspacetitleboxruled=\dimen342
\algocf@ruledwidth=\skip88
\algocf@inoutbox=\box138
\algocf@inputbox=\box139
\AlCapSkip=\skip89
\AlCapHSkip=\skip90
\algoskipindent=\skip91
\algocf@nlbox=\box140
\algocf@hangingbox=\box141
\algocf@untilbox=\box142
\algocf@skipuntil=\skip92
\algocf@capbox=\box143
\algocf@lcaptionbox=\skip93
\algoheightruledefault=\skip94
\algoheightrule=\skip95
\algotitleheightruledefault=\skip96
\algotitleheightrule=\skip97
\c@algocfline=\count417
\c@algocfproc=\count418
\c@algocf=\count419
\algocf@algoframe=\box144
\algocf@algobox=\box145
) (/usr/share/texmf-dist/tex/latex/fontspec/fontspec.sty (/usr/share/texmf-dist/tex/latex/l3packages/xparse/xparse.sty (/usr/share/texmf-dist/tex/latex/l3kernel/expl3.sty
Package: expl3 2026-01-19 L3 programming layer (loader) 
)
Package: xparse 2025-10-09 L3 Experimental document command parser
)
Package: fontspec 2025/09/29 v2.9g Font selection for XeLaTeX and LuaLaTeX
 (/usr/share/texmf-dist/tex/latex/fontspec/fontspec-xetex.sty
Package: fontspec-xetex 2025/09/29 v2.9g Font selection for XeLaTeX and LuaLaTeX
\l__fontspec_script_int=\count420
\l__fontspec_language_int=\count421
\l__fontspec_strnum_int=\count422
\l__fontspec_tmp_int=\count423
\l__fontspec_tmpa_int=\count424
\l__fontspec_tmpb_int=\count425
\l__fontspec_tmpc_int=\count426
\l__fontspec_em_int=\count427
\l__fontspec_emdef_int=\count428
\l__fontspec_strong_int=\count429
\l__fontspec_strongdef_int=\count430
\l__fontspec_tmpa_dim=\dimen343
\l__fontspec_tmpb_dim=\dimen344
\l__fontspec_tmpc_dim=\dimen345
 (/usr/share/texmf-dist/tex/latex/base/fontenc.sty
Package: fontenc 2025/07/18 v2.1d Standard LaTeX package
) (/usr/share/texmf-dist/tex/latex/fontspec/fontspec.cfg))) (/usr/share/texmf-dist/tex/latex/unicode-math/unicode-math.sty
Package: unicode-math 2023/08/13 v0.8r Unicode maths in XeLaTeX and LuaLaTeX
 (/usr/share/texmf-dist/tex/latex/unicode-math/unicode-math-xetex.sty
Package: unicode-math-xetex 2023/08/13 v0.8r Unicode maths in XeLaTeX and LuaLaTeX
 (/usr/share/texmf-dist/tex/latex/l3packages/l3keys2e/l3keys2e.sty
Package: l3keys2e 2025-10-09 LaTeX2e option processing using LaTeX3 keys
) (/usr/share/texmf-dist/tex/latex/base/fix-cm.sty
Package: fix-cm 2020/11/24 v1.1t fixes to LaTeX
 (/usr/share/texmf-dist/tex/latex/base/ts1enc.def
File: ts1enc.def 2001/06/05 v3.0e (jk/car/fm) Standard LaTeX file
LaTeX Font Info:    Redeclaring font encoding TS1 on input line 47.
LaTeX Encoding Info:    Redeclaring text command \capitalcedilla (encoding TS1) on input line 49.
LaTeX Encoding Info:    Redeclaring text command \capitalogonek (encoding TS1) on input line 52.
LaTeX Encoding Info:    Redeclaring text command \capitalgrave (encoding TS1) on input line 55.
LaTeX Encoding Info:    Redeclaring text command \capitalacute (encoding TS1) on input line 56.
LaTeX Encoding Info:    Redeclaring text command \capitalcircumflex (encoding TS1) on input line 57.
LaTeX Encoding Info:    Redeclaring text command \capitaltilde (encoding TS1) on input line 58.
LaTeX Encoding Info:    Redeclaring text command \capitaldieresis (encoding TS1) on input line 59.
LaTeX Encoding Info:    Redeclaring text command \capitalhungarumlaut (encoding TS1) on input line 60.
LaTeX Encoding Info:    Redeclaring text command \capitalring (encoding TS1) on input line 61.
LaTeX Encoding Info:    Redeclaring text command \capitalcaron (encoding TS1) on input line 62.
LaTeX Encoding Info:    Redeclaring text command \capitalbreve (encoding TS1) on input line 63.
LaTeX Encoding Info:    Redeclaring text command \capitalmacron (encoding TS1) on input line 64.
LaTeX Encoding Info:    Redeclaring text command \capitaldotaccent (encoding TS1) on input line 65.
LaTeX Encoding Info:    Redeclaring text command \t (encoding TS1) on input line 66.
LaTeX Encoding Info:    Redeclaring text command \capitaltie (encoding TS1) on input line 67.
LaTeX Encoding Info:    Redeclaring text command \newtie (encoding TS1) on input line 68.
LaTeX Encoding Info:    Redeclaring text command \capitalnewtie (encoding TS1) on input line 69.
LaTeX Encoding Info:    Redeclaring text symbol \textcapitalcompwordmark (encoding TS1) on input line 70.
LaTeX Encoding Info:    Redeclaring text symbol \textascendercompwordmark (encoding TS1) on input line 71.
LaTeX Encoding Info:    Redeclaring text symbol \textquotestraightbase (encoding TS1) on input line 72.
LaTeX Encoding Info:    Redeclaring text symbol \textquotestraightdblbase (encoding TS1) on input line 73.
LaTeX Encoding Info:    Redeclaring text symbol \texttwelveudash (encoding TS1) on input line 74.
LaTeX Encoding Info:    Redeclaring text symbol \textthreequartersemdash (encoding TS1) on input line 75.
LaTeX Encoding Info:    Redeclaring text symbol \textleftarrow (encoding TS1) on input line 76.
LaTeX Encoding Info:    Redeclaring text symbol \textrightarrow (encoding TS1) on input line 77.
LaTeX Encoding Info:    Redeclaring text symbol \textblank (encoding TS1) on input line 78.
LaTeX Encoding Info:    Redeclaring text symbol \textdollar (encoding TS1) on input line 79.
LaTeX Encoding Info:    Redeclaring text symbol \textquotesingle (encoding TS1) on input line 80.
LaTeX Encoding Info:    Redeclaring text command \textasteriskcentered (encoding TS1) on input line 81.
LaTeX Encoding Info:    Redeclaring text symbol \textdblhyphen (encoding TS1) on input line 92.
LaTeX Encoding Info:    Redeclaring text symbol \textfractionsolidus (encoding TS1) on input line 93.
LaTeX Encoding Info:    Redeclaring text symbol \textzerooldstyle (encoding TS1) on input line 94.
LaTeX Encoding Info:    Redeclaring text symbol \textoneoldstyle (encoding TS1) on input line 95.
LaTeX Encoding Info:    Redeclaring text symbol \texttwooldstyle (encoding TS1) on input line 96.
LaTeX Encoding Info:    Redeclaring text symbol \textthreeoldstyle (encoding TS1) on input line 97.
LaTeX Encoding Info:    Redeclaring text symbol \textfouroldstyle (encoding TS1) on input line 98.
LaTeX Encoding Info:    Redeclaring text symbol \textfiveoldstyle (encoding TS1) on input line 99.
LaTeX Encoding Info:    Redeclaring text symbol \textsixoldstyle (encoding TS1) on input line 100.
LaTeX Encoding Info:    Redeclaring text symbol \textsevenoldstyle (encoding TS1) on input line 101.
LaTeX Encoding Info:    Redeclaring text symbol \texteightoldstyle (encoding TS1) on input line 102.
LaTeX Encoding Info:    Redeclaring text symbol \textnineoldstyle (encoding TS1) on input line 103.
LaTeX Encoding Info:    Redeclaring text symbol \textlangle (encoding TS1) on input line 104.
LaTeX Encoding Info:    Redeclaring text symbol \textminus (encoding TS1) on input line 105.
LaTeX Encoding Info:    Redeclaring text symbol \textrangle (encoding TS1) on input line 106.
LaTeX Encoding Info:    Redeclaring text symbol \textmho (encoding TS1) on input line 107.
LaTeX Encoding Info:    Redeclaring text symbol \textbigcircle (encoding TS1) on input line 108.
LaTeX Encoding Info:    Redeclaring text command \textcircled (encoding TS1) on input line 109.
LaTeX Encoding Info:    Redeclaring text symbol \textohm (encoding TS1) on input line 115.
LaTeX Encoding Info:    Redeclaring text symbol \textlbrackdbl (encoding TS1) on input line 116.
LaTeX Encoding Info:    Redeclaring text symbol \textrbrackdbl (encoding TS1) on input line 117.
LaTeX Encoding Info:    Redeclaring text symbol \textuparrow (encoding TS1) on input line 118.
LaTeX Encoding Info:    Redeclaring text symbol \textdownarrow (encoding TS1) on input line 119.
LaTeX Encoding Info:    Redeclaring text symbol \textasciigrave (encoding TS1) on input line 120.
LaTeX Encoding Info:    Redeclaring text symbol \textborn (encoding TS1) on input line 121.
LaTeX Encoding Info:    Redeclaring text symbol \textdivorced (encoding TS1) on input line 122.
LaTeX Encoding Info:    Redeclaring text symbol \textdied (encoding TS1) on input line 123.
LaTeX Encoding Info:    Redeclaring text symbol \textleaf (encoding TS1) on input line 124.
LaTeX Encoding Info:    Redeclaring text symbol \textmarried (encoding TS1) on input line 125.
LaTeX Encoding Info:    Redeclaring text symbol \textmusicalnote (encoding TS1) on input line 126.
LaTeX Encoding Info:    Redeclaring text symbol \texttildelow (encoding TS1) on input line 127.
LaTeX Encoding Info:    Redeclaring text symbol \textdblhyphenchar (encoding TS1) on input line 128.
LaTeX Encoding Info:    Redeclaring text symbol \textasciibreve (encoding TS1) on input line 129.
LaTeX Encoding Info:    Redeclaring text symbol \textasciicaron (encoding TS1) on input line 130.
LaTeX Encoding Info:    Redeclaring text symbol \textacutedbl (encoding TS1) on input line 131.
LaTeX Encoding Info:    Redeclaring text symbol \textgravedbl (encoding TS1) on input line 132.
LaTeX Encoding Info:    Redeclaring text symbol \textdagger (encoding TS1) on input line 133.
LaTeX Encoding Info:    Redeclaring text symbol \textdaggerdbl (encoding TS1) on input line 134.
LaTeX Encoding Info:    Redeclaring text symbol \textbardbl (encoding TS1) on input line 135.
LaTeX Encoding Info:    Redeclaring text symbol \textperthousand (encoding TS1) on input line 136.
LaTeX Encoding Info:    Redeclaring text symbol \textbullet (encoding TS1) on input line 137.
LaTeX Encoding Info:    Redeclaring text symbol \textcelsius (encoding TS1) on input line 138.
LaTeX Encoding Info:    Redeclaring text symbol \textdollaroldstyle (encoding TS1) on input line 139.
LaTeX Encoding Info:    Redeclaring text symbol \textcentoldstyle (encoding TS1) on input line 140.
LaTeX Encoding Info:    Redeclaring text symbol \textflorin (encoding TS1) on input line 141.
LaTeX Encoding Info:    Redeclaring text symbol \textcolonmonetary (encoding TS1) on input line 142.
LaTeX Encoding Info:    Redeclaring text symbol \textwon (encoding TS1) on input line 143.
LaTeX Encoding Info:    Redeclaring text symbol \textnaira (encoding TS1) on input line 144.
LaTeX Encoding Info:    Redeclaring text symbol \textguarani (encoding TS1) on input line 145.
LaTeX Encoding Info:    Redeclaring text symbol \textpeso (encoding TS1) on input line 146.
LaTeX Encoding Info:    Redeclaring text symbol \textlira (encoding TS1) on input line 147.
LaTeX Encoding Info:    Redeclaring text symbol \textrecipe (encoding TS1) on input line 148.
LaTeX Encoding Info:    Redeclaring text symbol \textinterrobang (encoding TS1) on input line 149.
LaTeX Encoding Info:    Redeclaring text symbol \textinterrobangdown (encoding TS1) on input line 150.
LaTeX Encoding Info:    Redeclaring text symbol \textdong (encoding TS1) on input line 151.
LaTeX Encoding Info:    Redeclaring text symbol \texttrademark (encoding TS1) on input line 152.
LaTeX Encoding Info:    Redeclaring text symbol \textpertenthousand (encoding TS1) on input line 153.
LaTeX Encoding Info:    Redeclaring text symbol \textpilcrow (encoding TS1) on input line 154.
LaTeX Encoding Info:    Redeclaring text symbol \textbaht (encoding TS1) on input line 155.
LaTeX Encoding Info:    Redeclaring text symbol \textnumero (encoding TS1) on input line 156.
LaTeX Encoding Info:    Redeclaring text symbol \textdiscount (encoding TS1) on input line 157.
LaTeX Encoding Info:    Redeclaring text symbol \textestimated (encoding TS1) on input line 158.
LaTeX Encoding Info:    Redeclaring text symbol \textopenbullet (encoding TS1) on input line 159.
LaTeX Encoding Info:    Redeclaring text symbol \textservicemark (encoding TS1) on input line 160.
LaTeX Encoding Info:    Redeclaring text symbol \textlquill (encoding TS1) on input line 161.
LaTeX Encoding Info:    Redeclaring text symbol \textrquill (encoding TS1) on input line 162.
LaTeX Encoding Info:    Redeclaring text symbol \textcent (encoding TS1) on input line 163.
LaTeX Encoding Info:    Redeclaring text symbol \textsterling (encoding TS1) on input line 164.
LaTeX Encoding Info:    Redeclaring text symbol \textcurrency (encoding TS1) on input line 165.
LaTeX Encoding Info:    Redeclaring text symbol \textyen (encoding TS1) on input line 166.
LaTeX Encoding Info:    Redeclaring text symbol \textbrokenbar (encoding TS1) on input line 167.
LaTeX Encoding Info:    Redeclaring text symbol \textsection (encoding TS1) on input line 168.
LaTeX Encoding Info:    Redeclaring text symbol \textasciidieresis (encoding TS1) on input line 169.
LaTeX Encoding Info:    Redeclaring text symbol \textcopyright (encoding TS1) on input line 170.
LaTeX Encoding Info:    Redeclaring text symbol \textordfeminine (encoding TS1) on input line 171.
LaTeX Encoding Info:    Redeclaring text symbol \textcopyleft (encoding TS1) on input line 172.
LaTeX Encoding Info:    Redeclaring text symbol \textlnot (encoding TS1) on input line 173.
LaTeX Encoding Info:    Redeclaring text symbol \textcircledP (encoding TS1) on input line 174.
LaTeX Encoding Info:    Redeclaring text symbol \textregistered (encoding TS1) on input line 175.
LaTeX Encoding Info:    Redeclaring text symbol \textasciimacron (encoding TS1) on input line 176.
LaTeX Encoding Info:    Redeclaring text symbol \textdegree (encoding TS1) on input line 177.
LaTeX Encoding Info:    Redeclaring text symbol \textpm (encoding TS1) on input line 178.
LaTeX Encoding Info:    Redeclaring text symbol \texttwosuperior (encoding TS1) on input line 179.
LaTeX Encoding Info:    Redeclaring text symbol \textthreesuperior (encoding TS1) on input line 180.
LaTeX Encoding Info:    Redeclaring text symbol \textasciiacute (encoding TS1) on input line 181.
LaTeX Encoding Info:    Redeclaring text symbol \textmu (encoding TS1) on input line 182.
LaTeX Encoding Info:    Redeclaring text symbol \textparagraph (encoding TS1) on input line 183.
LaTeX Encoding Info:    Redeclaring text symbol \textperiodcentered (encoding TS1) on input line 184.
LaTeX Encoding Info:    Redeclaring text symbol \textreferencemark (encoding TS1) on input line 185.
LaTeX Encoding Info:    Redeclaring text symbol \textonesuperior (encoding TS1) on input line 186.
LaTeX Encoding Info:    Redeclaring text symbol \textordmasculine (encoding TS1) on input line 187.
LaTeX Encoding Info:    Redeclaring text symbol \textsurd (encoding TS1) on input line 188.
LaTeX Encoding Info:    Redeclaring text symbol \textonequarter (encoding TS1) on input line 189.
LaTeX Encoding Info:    Redeclaring text symbol \textonehalf (encoding TS1) on input line 190.
LaTeX Encoding Info:    Redeclaring text symbol \textthreequarters (encoding TS1) on input line 191.
LaTeX Encoding Info:    Redeclaring text symbol \texteuro (encoding TS1) on input line 192.
LaTeX Encoding Info:    Redeclaring text symbol \texttimes (encoding TS1) on input line 193.
LaTeX Encoding Info:    Redeclaring text symbol \textdiv (encoding TS1) on input line 194.
))
\g__um_fam_int=\count431
\g__um_fonts_used_int=\count432
\l__um_primecount_int=\count433
\g__um_primekern_muskip=\muskip19
 (/usr/share/texmf-dist/tex/latex/unicode-math/unicode-math-table.tex))) (/usr/share/texmf-dist/tex/latex/comment/comment.sty
\CommentStream=\write5
 Excluding comment 'comment') (/usr/share/texmf-dist/tex/latex/multirow/multirow.sty
Package: multirow 2024/11/12 v2.9 Span multiple rows of a table
\multirow@colwidth=\skip98
\multirow@cntb=\count434
\multirow@dima=\skip99
\bigstrutjot=\dimen346
) (/usr/share/texmf-dist/tex/latex/caption/subcaption.sty
Package: subcaption 2023/07/28 v1.6b Sub-captions (AR)
 (/usr/share/texmf-dist/tex/latex/caption/caption.sty
Package: caption 2023/08/05 v3.6o Customizing captions (AR)
 (/usr/share/texmf-dist/tex/latex/caption/caption3.sty
Package: caption3 2023/07/31 v2.4d caption3 kernel (AR)
\caption@tempdima=\dimen347
\captionmargin=\dimen348
\caption@leftmargin=\dimen349
\caption@rightmargin=\dimen350
\caption@width=\dimen351
\caption@indent=\dimen352
\caption@parindent=\dimen353
\caption@hangindent=\dimen354
Package caption Info: beamer document class detected.
 (/usr/share/texmf-dist/tex/latex/caption/caption-beamer.sto
File: caption-beamer.sto 2022/01/06 v2.0c Adaption of the caption package to the beamer document classes (AR)
))
\c@caption@flags=\count435
\c@continuedfloat=\count436
Package caption Info: hyperref package is loaded.
Package caption Info: Hyperref support is turned off
(caption)             because hyperref has stopped early.
Package caption Info: listings package is loaded.
)
Package caption Info: New subtype `subfigure' on input line 238.
\c@subfigure=\count437
Package caption Info: New subtype `subtable' on input line 238.
\c@subtable=\count438
) (/usr/share/texmf-dist/tex/latex/tools/verbatim.sty
Package: verbatim 2024-01-22 v1.5x LaTeX2e package for verbatim enhancements
\every@verbatim=\toks49
\verbatim@line=\toks50
\verbatim@in@stream=\read5
) (/usr/share/texmf-dist/tex/latex/fontawesome5/fontawesome5.sty
Package: fontawesome5 2022/05/02 v5.15.4 Font Awesome 5
 (/usr/share/texmf-dist/tex/latex/fontawesome5/fontawesome5-utex-helper.sty
Package: fontawesome5-utex-helper 2022/05/02 v5.15.4 uTeX helper for fontawesome5
LaTeX Font Info:    Trying to load font information for TU+fontawesomefree on input line 69.
 (/usr/share/texmf-dist/tex/latex/fontawesome5/tufontawesomefree.fd)
LaTeX Font Info:    Trying to load font information for TU+fontawesomebrands on input line 70.
 (/usr/share/texmf-dist/tex/latex/fontawesome5/tufontawesomebrands.fd))) (./YTU.sty (/usr/share/texmf-dist/tex/latex/beamer/beamerouterthemesmoothbars.sty) (/usr/share/texmf-dist/tex/latex/beamer/beamerinnerthemecircles.sty))
No file IA-PUCP_SummerCamp_2026.aux.
\openout1 = `IA-PUCP_SummerCamp_2026.aux'.

LaTeX Font Info:    Checking defaults for OML/cmm/m/it on input line 104.
LaTeX Font Info:    ... okay on input line 104.
LaTeX Font Info:    Checking defaults for OMS/cmsy/m/n on input line 104.
LaTeX Font Info:    ... okay on input line 104.
LaTeX Font Info:    Checking defaults for OT1/cmr/m/n on input line 104.
LaTeX Font Info:    ... okay on input line 104.
LaTeX Font Info:    Checking defaults for T1/cmr/m/n on input line 104.
LaTeX Font Info:    ... okay on input line 104.
LaTeX Font Info:    Checking defaults for TS1/cmr/m/n on input line 104.
LaTeX Font Info:    ... okay on input line 104.
LaTeX Font Info:    Checking defaults for TU/lmr/m/n on input line 104.
LaTeX Font Info:    ... okay on input line 104.
LaTeX Font Info:    Checking defaults for OMX/cmex/m/n on input line 104.
LaTeX Font Info:    ... okay on input line 104.
LaTeX Font Info:    Checking defaults for U/cmr/m/n on input line 104.
LaTeX Font Info:    ... okay on input line 104.
LaTeX Font Info:    Checking defaults for PD1/pdf/m/n on input line 104.
LaTeX Font Info:    ... okay on input line 104.
LaTeX Font Info:    Checking defaults for PU/pdf/m/n on input line 104.
LaTeX Font Info:    ... okay on input line 104.
*geometry* driver: auto-detecting
*geometry* detected driver: xetex
*geometry* verbose mode - [ preamble ] result:
* driver: xetex
* paper: custom
* layout: <same size as paper>
* layoutoffset:(h,v)=(0.0pt,0.0pt)
* modes: includehead includefoot 
* h-part:(L,W,R)=(28.45274pt, 307.28987pt, 28.45274pt)
* v-part:(T,H,B)=(0.0pt, 273.14662pt, 0.0pt)
* \paperwidth=364.19536pt
* \paperheight=273.14662pt
* \textwidth=307.28987pt
* \textheight=244.6939pt
* \oddsidemargin=-43.81725pt
* \evensidemargin=-43.81725pt
* \topmargin=-72.26999pt
* \headheight=14.22636pt
* \headsep=0.0pt
* \topskip=11.0pt
* \footskip=14.22636pt
* \marginparwidth=4.0pt
* \marginparsep=10.0pt
* \columnsep=10.0pt
* \skip\footins=10.0pt plus 4.0pt minus 2.0pt
* \hoffset=0.0pt
* \voffset=0.0pt
* \mag=1000
* \@twocolumnfalse
* \@twosidefalse
* \@mparswitchfalse
* \@reversemarginfalse
* (1in=72.27pt=25.4mm, 1cm=28.453pt)

Package hyperref Info: Link coloring OFF on input line 104.
\@outlinefile=\write6
\openout6 = `IA-PUCP_SummerCamp_2026.out'.


Package hyperref Warning: Rerun to get /PageLabels entry.

(/usr/share/texmf-dist/tex/latex/translator/translator-basic-dictionary-English.dict
Dictionary: translator-basic-dictionary, Language: English 
) (/usr/share/texmf-dist/tex/latex/translator/translator-bibliography-dictionary-English.dict
Dictionary: translator-bibliography-dictionary, Language: English 
) (/usr/share/texmf-dist/tex/latex/translator/translator-environment-dictionary-English.dict
Dictionary: translator-environment-dictionary, Language: English 
) (/usr/share/texmf-dist/tex/latex/translator/translator-months-dictionary-English.dict
Dictionary: translator-months-dictionary, Language: English 
) (/usr/share/texmf-dist/tex/latex/translator/translator-numbers-dictionary-English.dict
Dictionary: translator-numbers-dictionary, Language: English 
) (/usr/share/texmf-dist/tex/latex/translator/translator-theorem-dictionary-English.dict
Dictionary: translator-theorem-dictionary, Language: English 
)
\c@lstlisting=\count439
LaTeX Font Info:    Overwriting math alphabet `\mathrm' in version `normal'
(Font)                  OT1/cmr/m/n --> TU/lmr/m/n on input line 104.
LaTeX Font Info:    Overwriting math alphabet `\mathit' in version `normal'
(Font)                  OT1/cmr/m/it --> TU/lmr/m/it on input line 104.
LaTeX Font Info:    Overwriting math alphabet `\mathbf' in version `normal'
(Font)                  OT1/cmr/bx/n --> TU/lmr/bx/n on input line 104.
LaTeX Font Info:    Overwriting math alphabet `\mathsf' in version `normal'
(Font)                  OT1/cmss/m/n --> TU/lmss/m/n on input line 104.
LaTeX Font Info:    Overwriting math alphabet `\mathsf' in version `bold'
(Font)                  OT1/cmss/bx/n --> TU/lmss/bx/n on input line 104.
LaTeX Font Info:    Overwriting math alphabet `\mathtt' in version `normal'
(Font)                  OT1/cmtt/m/n --> TU/lmtt/m/n on input line 104.
LaTeX Font Info:    Overwriting math alphabet `\mathtt' in version `bold'
(Font)                  OT1/cmtt/m/n --> TU/lmtt/bx/n on input line 104.

Package fontspec Info: 
(fontspec)             Font family 'latinmodern-math.otf(0)' created for font
(fontspec)             'latinmodern-math.otf' with options
(fontspec)             [BoldItalicFont={},ItalicFont={},SmallCapsFont={},Script=Math,BoldFont={latinmodern-math.otf}].
(fontspec)              
(fontspec)              This font family consists of the following NFSS
(fontspec)             series/shapes:
(fontspec)              
(fontspec)             - 'normal' (m/n) with NFSS spec.:
(fontspec)             <->"[latinmodern-math.otf]/OT:script=math;language=dflt;"
(fontspec)             - 'bold' (b/n) with NFSS spec.:
(fontspec)             <->"[latinmodern-math.otf]/OT:script=math;language=dflt;"


Package fontspec Info: 
(fontspec)             Font family 'latinmodern-math.otf(1)' created for font
(fontspec)             'latinmodern-math.otf' with options
(fontspec)             [BoldItalicFont={},ItalicFont={},SmallCapsFont={},Script=Math,SizeFeatures={{Size=9.3075-},{Size=6.57-9.3075,Font=latinmodern-math.otf,Style=MathScript},{Size=-6.57,Font=latinmodern-math.otf,Style=MathScriptScript}},BoldFont={latinmodern-math.otf}].
(fontspec)              
(fontspec)              This font family consists of the following NFSS
(fontspec)             series/shapes:
(fontspec)              
(fontspec)             - 'normal' (m/n) with NFSS spec.:
(fontspec)             <9.3075->"[latinmodern-math.otf]/OT:script=math;language=dflt;"<6.57-9.3075>"[latinmodern-math.otf]/OT:script=math;language=dflt;+ssty=0;"<-6.57>"[latinmodern-math.otf]/OT:script=math;language=dflt;+ssty=1;"
(fontspec)             - 'bold' (b/n) with NFSS spec.:
(fontspec)             <->"[latinmodern-math.otf]/OT:script=math;language=dflt;"

LaTeX Font Info:    Encoding `OT1' has changed to `TU' for symbol font
(Font)              `operators' in the math version `normal' on input line 104.
LaTeX Font Info:    Overwriting symbol font `operators' in version `normal'
(Font)                  OT1/cmr/m/n --> TU/latinmodern-math.otf(1)/m/n on input line 104.
LaTeX Font Info:    Encoding `OT1' has changed to `TU' for symbol font
(Font)              `operators' in the math version `bold' on input line 104.
LaTeX Font Info:    Overwriting symbol font `operators' in version `bold'
(Font)                  OT1/cmr/bx/n --> TU/latinmodern-math.otf(1)/b/n on input line 104.

Package fontspec Info: 
(fontspec)             latinmodern-math scale = 1.0001.


Package fontspec Info: 
(fontspec)             latinmodern-math scale = 1.0001.


Package fontspec Info: 
(fontspec)             latinmodern-math scale = 1.0001.


Package fontspec Info: 
(fontspec)             latinmodern-math scale = 1.0001.


Package fontspec Info: 
(fontspec)             latinmodern-math scale = 1.0001.


Package fontspec Info: 
(fontspec)             Font family 'latinmodern-math.otf(2)' created for font
(fontspec)             'latinmodern-math.otf' with options
(fontspec)             [BoldItalicFont={},ItalicFont={},SmallCapsFont={},Script=Math,SizeFeatures={{Size=9.3075-},{Size=6.57-9.3075,Font=latinmodern-math.otf,Style=MathScript},{Size=-6.57,Font=latinmodern-math.otf,Style=MathScriptScript}},BoldFont={latinmodern-math.otf},ScaleAgain=1.0001,FontAdjustment={\fontdimen
(fontspec)             8\font =7.41315pt\relax \fontdimen 9\font
(fontspec)             =4.3143pt\relax \fontdimen 10\font =4.8618pt\relax
(fontspec)             \fontdimen 11\font =7.5117pt\relax \fontdimen 12\font
(fontspec)             =3.77776pt\relax \fontdimen 13\font =3.97485pt\relax
(fontspec)             \fontdimen 14\font =3.97485pt\relax \fontdimen 15\font
(fontspec)             =3.16455pt\relax \fontdimen 16\font =2.70465pt\relax
(fontspec)             \fontdimen 17\font =2.70465pt\relax \fontdimen 18\font
(fontspec)             =2.7375pt\relax \fontdimen 19\font =2.19pt\relax
(fontspec)             \fontdimen 22\font =2.7375pt\relax \fontdimen 20\font
(fontspec)             =0pt\relax \fontdimen 21\font =0pt\relax }].
(fontspec)              
(fontspec)              This font family consists of the following NFSS
(fontspec)             series/shapes:
(fontspec)              
(fontspec)             - 'normal' (m/n) with NFSS spec.:
(fontspec)             <9.3075->s*[1.0001]"[latinmodern-math.otf]/OT:script=math;language=dflt;"<6.57-9.3075>s*[1.0001]"[latinmodern-math.otf]/OT:script=math;language=dflt;+ssty=0;"<-6.57>s*[1.0001]"[latinmodern-math.otf]/OT:script=math;language=dflt;+ssty=1;"
(fontspec)             - 'bold' (b/n) with NFSS spec.:
(fontspec)             <->s*[1.0001]"[latinmodern-math.otf]/OT:script=math;language=dflt;"

LaTeX Font Info:    Encoding `OMS' has changed to `TU' for symbol font
(Font)              `symbols' in the math version `normal' on input line 104.
LaTeX Font Info:    Overwriting symbol font `symbols' in version `normal'
(Font)                  OMS/cmsy/m/n --> TU/latinmodern-math.otf(2)/m/n on input line 104.
LaTeX Font Info:    Encoding `OMS' has changed to `TU' for symbol font
(Font)              `symbols' in the math version `bold' on input line 104.
LaTeX Font Info:    Overwriting symbol font `symbols' in version `bold'
(Font)                  OMS/cmsy/b/n --> TU/latinmodern-math.otf(2)/b/n on input line 104.

Package fontspec Info: 
(fontspec)             latinmodern-math scale = 0.9999.


Package fontspec Info: 
(fontspec)             latinmodern-math scale = 0.9999.


Package fontspec Info: 
(fontspec)             latinmodern-math scale = 0.9999.


Package fontspec Info: 
(fontspec)             latinmodern-math scale = 0.9999.


Package fontspec Info: 
(fontspec)             latinmodern-math scale = 0.9999.


Package fontspec Info: 
(fontspec)             Font family 'latinmodern-math.otf(3)' created for font
(fontspec)             'latinmodern-math.otf' with options
(fontspec)             [BoldItalicFont={},ItalicFont={},SmallCapsFont={},Script=Math,SizeFeatures={{Size=9.3075-},{Size=6.57-9.3075,Font=latinmodern-math.otf,Style=MathScript},{Size=-6.57,Font=latinmodern-math.otf,Style=MathScriptScript}},BoldFont={latinmodern-math.otf},ScaleAgain=0.9999,FontAdjustment={\fontdimen
(fontspec)             8\font =0.438pt\relax \fontdimen 9\font =2.19pt\relax
(fontspec)             \fontdimen 10\font =1.82864pt\relax \fontdimen 11\font
(fontspec)             =1.21545pt\relax \fontdimen 12\font =6.56999pt\relax
(fontspec)             \fontdimen 13\font =0pt\relax }].
(fontspec)              
(fontspec)              This font family consists of the following NFSS
(fontspec)             series/shapes:
(fontspec)              
(fontspec)             - 'normal' (m/n) with NFSS spec.:
(fontspec)             <9.3075->s*[0.9999]"[latinmodern-math.otf]/OT:script=math;language=dflt;"<6.57-9.3075>s*[0.9999]"[latinmodern-math.otf]/OT:script=math;language=dflt;+ssty=0;"<-6.57>s*[0.9999]"[latinmodern-math.otf]/OT:script=math;language=dflt;+ssty=1;"
(fontspec)             - 'bold' (b/n) with NFSS spec.:
(fontspec)             <->s*[0.9999]"[latinmodern-math.otf]/OT:script=math;language=dflt;"

LaTeX Font Info:    Encoding `OMX' has changed to `TU' for symbol font
(Font)              `largesymbols' in the math version `normal' on input line 104.
LaTeX Font Info:    Overwriting symbol font `largesymbols' in version `normal'
(Font)                  OMX/cmex/m/n --> TU/latinmodern-math.otf(3)/m/n on input line 104.
LaTeX Font Info:    Encoding `OMX' has changed to `TU' for symbol font
(Font)              `largesymbols' in the math version `bold' on input line 104.
LaTeX Font Info:    Overwriting symbol font `largesymbols' in version `bold'
(Font)                  OMX/cmex/m/n --> TU/latinmodern-math.otf(3)/b/n on input line 104.
Package caption Info: Begin \AtBeginDocument code.
Package caption Info: End \AtBeginDocument code.

No file IA-PUCP_SummerCamp_2026.nav.
File: pic/iapucp_logo.jpg Graphic file (type bmp)
<pic/iapucp_logo.jpg>
[1

]
File: pic/facebook_nonames1-300x297.jpg Graphic file (type bmp)
<pic/facebook_nonames1-300x297.jpg>
 [2

]
No file IA-PUCP_SummerCamp_2026.toc.
[3

]
No file IA-PUCP_SummerCamp_2026.toc.
[4

] [5

]
LaTeX Font Info:    Font shape `TU/latinmodern-math.otf(2)/m/n' will be
(Font)              scaled to size 10.95116pt on input line 153.
LaTeX Font Info:    Font shape `TU/latinmodern-math.otf(2)/m/n' will be
(Font)              scaled to size 7.6658pt on input line 153.
LaTeX Font Info:    Font shape `TU/latinmodern-math.otf(2)/m/n' will be
(Font)              scaled to size 5.47559pt on input line 153.
LaTeX Font Info:    Font shape `TU/latinmodern-math.otf(3)/m/n' will be
(Font)              scaled to size 10.94882pt on input line 153.
LaTeX Font Info:    Font shape `TU/latinmodern-math.otf(3)/m/n' will be
(Font)              scaled to size 7.66417pt on input line 153.
LaTeX Font Info:    Font shape `TU/latinmodern-math.otf(3)/m/n' will be
(Font)              scaled to size 5.47441pt on input line 153.
LaTeX Font Info:    Trying to load font information for U+msa on input line 153.
 (/usr/share/texmf-dist/tex/latex/amsfonts/umsa.fd
File: umsa.fd 2013/01/14 v3.01 AMS symbols A
)
LaTeX Font Info:    Trying to load font information for U+msb on input line 153.
 (/usr/share/texmf-dist/tex/latex/amsfonts/umsb.fd
File: umsb.fd 2013/01/14 v3.01 AMS symbols B
)
LaTeX Font Info:    Font shape `TU/lmss/m/it' in size <10.95> not available
(Font)              Font shape `TU/lmss/m/sl' tried instead on input line 153.
LaTeX Font Info:    Font shape `TU/latinmodern-math.otf(2)/m/n' will be
(Font)              scaled to size 8.00085pt on input line 153.
LaTeX Font Info:    Font shape `TU/latinmodern-math.otf(2)/m/n' will be
(Font)              scaled to size 6.00064pt on input line 153.
LaTeX Font Info:    Font shape `TU/latinmodern-math.otf(2)/m/n' will be
(Font)              scaled to size 5.00053pt on input line 153.
LaTeX Font Info:    Font shape `TU/latinmodern-math.otf(3)/m/n' will be
(Font)              scaled to size 7.99915pt on input line 153.
LaTeX Font Info:    Font shape `TU/latinmodern-math.otf(3)/m/n' will be
(Font)              scaled to size 5.99936pt on input line 153.
LaTeX Font Info:    Font shape `TU/latinmodern-math.otf(3)/m/n' will be
(Font)              scaled to size 4.99947pt on input line 153.
File: pic/graph_example.pdf Graphic file (type pdf)
<use pic/graph_example.pdf>
 [6

] [7

]
File: pic/graph_example.pdf Graphic file (type pdf)
<use pic/graph_example.pdf>
File: pic/graph_adjacency_matrix.pdf Graphic file (type pdf)
<use pic/graph_adjacency_matrix.pdf>
File: pic/graph_adjacency_list.pdf Graphic file (type pdf)
<use pic/graph_adjacency_list.pdf>
File: pic/graph_list_edge.pdf Graphic file (type pdf)
<use pic/graph_list_edge.pdf>
 [8

]
File: pic/graph-data.png Graphic file (type bmp)
<pic/graph-data.png>
 [9

]
LaTeX Font Info:    Font shape `TU/latinmodern-math.otf(2)/m/n' will be
(Font)              scaled to size 10.00107pt on input line 259.
LaTeX Font Info:    Font shape `TU/latinmodern-math.otf(2)/m/n' will be
(Font)              scaled to size 7.00075pt on input line 259.
LaTeX Font Info:    Font shape `TU/latinmodern-math.otf(3)/m/n' will be
(Font)              scaled to size 9.99893pt on input line 259.
LaTeX Font Info:    Font shape `TU/latinmodern-math.otf(3)/m/n' will be
(Font)              scaled to size 6.99925pt on input line 259.
LaTeX Font Info:    Font shape `TU/lmss/m/it' in size <10> not available
(Font)              Font shape `TU/lmss/m/sl' tried instead on input line 259.
 [10

]
File: pic/homogeneous_graph.pdf Graphic file (type pdf)
<use pic/homogeneous_graph.pdf>
File: pic/heterogeneous_graph.pdf Graphic file (type pdf)
<use pic/heterogeneous_graph.pdf>
File: pic/directed_graph.pdf Graphic file (type pdf)
<use pic/directed_graph.pdf>
File: pic/weighted_undirected_graph.pdf Graphic file (type pdf)
<use pic/weighted_undirected_graph.pdf>
File: pic/complete_graph.pdf Graphic file (type pdf)
<use pic/complete_graph.pdf>
File: pic/tree.pdf Graphic file (type pdf)
<use pic/tree.pdf>
File: pic/2_partite_graph.pdf Graphic file (type pdf)
<use pic/2_partite_graph.pdf>
File: pic/knowledge_graph.pdf Graphic file (type pdf)
<use pic/knowledge_graph.pdf>
 [11

]
File: pic/homogeneous_graph.pdf Graphic file (type pdf)
<use pic/homogeneous_graph.pdf>
 [12

]
File: pic/heterogeneous_graph.pdf Graphic file (type pdf)
<use pic/heterogeneous_graph.pdf>
 [13

]
File: pic/directed_graph.pdf Graphic file (type pdf)
<use pic/directed_graph.pdf>
 [14

]
File: pic/weighted_undirected_graph.pdf Graphic file (type pdf)
<use pic/weighted_undirected_graph.pdf>
File: pic/weighted_directed_graph.pdf Graphic file (type pdf)
<use pic/weighted_directed_graph.pdf>
 [15

]
File: pic/complete_graph.pdf Graphic file (type pdf)
<use pic/complete_graph.pdf>
 [16

]
File: pic/homogeneous_graph.pdf Graphic file (type pdf)
<use pic/homogeneous_graph.pdf>
File: pic/subgraph.pdf Graphic file (type pdf)
<use pic/subgraph.pdf>
 [17

]
File: pic/tree.pdf Graphic file (type pdf)
<use pic/tree.pdf>
 [18

]
LaTeX Font Info:    Font shape `TU/latinmodern-math.otf(2)/m/n' will be
(Font)              scaled to size 9.00096pt on input line 511.
LaTeX Font Info:    Font shape `TU/latinmodern-math.otf(3)/m/n' will be
(Font)              scaled to size 8.99904pt on input line 511.
File: pic/knowledge_graph.pdf Graphic file (type pdf)
<use pic/knowledge_graph.pdf>
 [19

]
File: pic/social_networks.png Graphic file (type bmp)
<pic/social_networks.png>
File: pic/road_map_landmarks.png Graphic file (type bmp)
<pic/road_map_landmarks.png>
File: pic/financial_networks.png Graphic file (type bmp)
<pic/financial_networks.png>
File: pic/personnel_assignment.png Graphic file (type bmp)
<pic/personnel_assignment.png>

Overfull \vbox (10.50319pt too high) detected at line 542
 []

[20

] [21

]
File: pic/bfs_v1.png Graphic file (type bmp)
<pic/bfs_v1.png>
 [22

]
File: pic/dfs_v1.png Graphic file (type bmp)
<pic/dfs_v1.png>
 [23

]
File: pic/dijkstra_idea.pdf Graphic file (type pdf)
<use pic/dijkstra_idea.pdf>
 [24

] [25

] [26

]

LaTeX Warning: Reference `eq:degree_distribution' on page 27 undefined on input line 771.

[27

] [28

] [29

] [30

] [31

]
No file IA-PUCP_SummerCamp_2026.toc.
[32

]
No file IA-PUCP_SummerCamp_2026.toc.
[33

]
File: pic/NNs/8152e79cc88f4258ad55f36b09702b35uXiAdsEiqJ6Ws9wJ-0.png Graphic file (type bmp)
<pic/NNs/8152e79cc88f4258ad55f36b09702b35uXiAdsEiqJ6Ws9wJ-0.png>
 <a0,fr0>
File: pic/NNs/8152e79cc88f4258ad55f36b09702b35uXiAdsEiqJ6Ws9wJ-1.png Graphic file (type bmp)
<pic/NNs/8152e79cc88f4258ad55f36b09702b35uXiAdsEiqJ6Ws9wJ-1.png>
 <a0,fr1>
File: pic/NNs/8152e79cc88f4258ad55f36b09702b35uXiAdsEiqJ6Ws9wJ-2.png Graphic file (type bmp)
<pic/NNs/8152e79cc88f4258ad55f36b09702b35uXiAdsEiqJ6Ws9wJ-2.png>
 <a0,fr2>
File: pic/NNs/8152e79cc88f4258ad55f36b09702b35uXiAdsEiqJ6Ws9wJ-3.png Graphic file (type bmp)
<pic/NNs/8152e79cc88f4258ad55f36b09702b35uXiAdsEiqJ6Ws9wJ-3.png>
 <a0,fr3>
File: pic/NNs/8152e79cc88f4258ad55f36b09702b35uXiAdsEiqJ6Ws9wJ-4.png Graphic file (type bmp)
<pic/NNs/8152e79cc88f4258ad55f36b09702b35uXiAdsEiqJ6Ws9wJ-4.png>
 <a0,fr4>
File: pic/NNs/8152e79cc88f4258ad55f36b09702b35uXiAdsEiqJ6Ws9wJ-5.png Graphic file (type bmp)
<pic/NNs/8152e79cc88f4258ad55f36b09702b35uXiAdsEiqJ6Ws9wJ-5.png>
 <a0,fr5>
File: pic/NNs/8152e79cc88f4258ad55f36b09702b35uXiAdsEiqJ6Ws9wJ-6.png Graphic file (type bmp)
<pic/NNs/8152e79cc88f4258ad55f36b09702b35uXiAdsEiqJ6Ws9wJ-6.png>
 <a0,fr6>
File: pic/NNs/8152e79cc88f4258ad55f36b09702b35uXiAdsEiqJ6Ws9wJ-7.png Graphic file (type bmp)
<pic/NNs/8152e79cc88f4258ad55f36b09702b35uXiAdsEiqJ6Ws9wJ-7.png>
 <a0,fr7>
File: pic/NNs/8152e79cc88f4258ad55f36b09702b35uXiAdsEiqJ6Ws9wJ-8.png Graphic file (type bmp)
<pic/NNs/8152e79cc88f4258ad55f36b09702b35uXiAdsEiqJ6Ws9wJ-8.png>
 <a0,fr8>
File: pic/NNs/8152e79cc88f4258ad55f36b09702b35uXiAdsEiqJ6Ws9wJ-9.png Graphic file (type bmp)
<pic/NNs/8152e79cc88f4258ad55f36b09702b35uXiAdsEiqJ6Ws9wJ-9.png>
 <a0,fr9>
File: pic/NNs/8152e79cc88f4258ad55f36b09702b35uXiAdsEiqJ6Ws9wJ-10.png Graphic file (type bmp)
<pic/NNs/8152e79cc88f4258ad55f36b09702b35uXiAdsEiqJ6Ws9wJ-10.png>
 <a0,fr10>
File: pic/NNs/8152e79cc88f4258ad55f36b09702b35uXiAdsEiqJ6Ws9wJ-11.png Graphic file (type bmp)
<pic/NNs/8152e79cc88f4258ad55f36b09702b35uXiAdsEiqJ6Ws9wJ-11.png>
 <a0,fr11>
File: pic/NNs/8152e79cc88f4258ad55f36b09702b35uXiAdsEiqJ6Ws9wJ-12.png Graphic file (type bmp)
<pic/NNs/8152e79cc88f4258ad55f36b09702b35uXiAdsEiqJ6Ws9wJ-12.png>
 <a0,fr12>
File: pic/NNs/8152e79cc88f4258ad55f36b09702b35uXiAdsEiqJ6Ws9wJ-13.png Graphic file (type bmp)
<pic/NNs/8152e79cc88f4258ad55f36b09702b35uXiAdsEiqJ6Ws9wJ-13.png>
 <a0,fr13>
File: pic/NNs/8152e79cc88f4258ad55f36b09702b35uXiAdsEiqJ6Ws9wJ-14.png Graphic file (type bmp)
<pic/NNs/8152e79cc88f4258ad55f36b09702b35uXiAdsEiqJ6Ws9wJ-14.png>
 <a0,fr14>
File: pic/NNs/8152e79cc88f4258ad55f36b09702b35uXiAdsEiqJ6Ws9wJ-15.png Graphic file (type bmp)
<pic/NNs/8152e79cc88f4258ad55f36b09702b35uXiAdsEiqJ6Ws9wJ-15.png>
 <a0,fr15>
File: pic/NNs/8152e79cc88f4258ad55f36b09702b35uXiAdsEiqJ6Ws9wJ-16.png Graphic file (type bmp)
<pic/NNs/8152e79cc88f4258ad55f36b09702b35uXiAdsEiqJ6Ws9wJ-16.png>
 <a0,fr16>
File: pic/NNs/8152e79cc88f4258ad55f36b09702b35uXiAdsEiqJ6Ws9wJ-17.png Graphic file (type bmp)
<pic/NNs/8152e79cc88f4258ad55f36b09702b35uXiAdsEiqJ6Ws9wJ-17.png>
 <a0,fr17>
File: pic/NNs/8152e79cc88f4258ad55f36b09702b35uXiAdsEiqJ6Ws9wJ-18.png Graphic file (type bmp)
<pic/NNs/8152e79cc88f4258ad55f36b09702b35uXiAdsEiqJ6Ws9wJ-18.png>
 <a0,fr18>
File: pic/NNs/8152e79cc88f4258ad55f36b09702b35uXiAdsEiqJ6Ws9wJ-19.png Graphic file (type bmp)
<pic/NNs/8152e79cc88f4258ad55f36b09702b35uXiAdsEiqJ6Ws9wJ-19.png>
 <a0,fr19>
File: pic/NNs/8152e79cc88f4258ad55f36b09702b35uXiAdsEiqJ6Ws9wJ-20.png Graphic file (type bmp)
<pic/NNs/8152e79cc88f4258ad55f36b09702b35uXiAdsEiqJ6Ws9wJ-20.png>
 <a0,fr20>
File: pic/NNs/8152e79cc88f4258ad55f36b09702b35uXiAdsEiqJ6Ws9wJ-21.png Graphic file (type bmp)
<pic/NNs/8152e79cc88f4258ad55f36b09702b35uXiAdsEiqJ6Ws9wJ-21.png>
 <a0,fr21>
File: pic/NNs/8152e79cc88f4258ad55f36b09702b35uXiAdsEiqJ6Ws9wJ-22.png Graphic file (type bmp)
<pic/NNs/8152e79cc88f4258ad55f36b09702b35uXiAdsEiqJ6Ws9wJ-22.png>
 <a0,fr22>
File: pic/NNs/8152e79cc88f4258ad55f36b09702b35uXiAdsEiqJ6Ws9wJ-23.png Graphic file (type bmp)
<pic/NNs/8152e79cc88f4258ad55f36b09702b35uXiAdsEiqJ6Ws9wJ-23.png>
 <a0,fr23>
File: pic/NNs/8152e79cc88f4258ad55f36b09702b35uXiAdsEiqJ6Ws9wJ-24.png Graphic file (type bmp)
<pic/NNs/8152e79cc88f4258ad55f36b09702b35uXiAdsEiqJ6Ws9wJ-24.png>
 <a0,fr24>
File: pic/NNs/8152e79cc88f4258ad55f36b09702b35uXiAdsEiqJ6Ws9wJ-25.png Graphic file (type bmp)
<pic/NNs/8152e79cc88f4258ad55f36b09702b35uXiAdsEiqJ6Ws9wJ-25.png>
 <a0,fr25>
File: pic/NNs/8152e79cc88f4258ad55f36b09702b35uXiAdsEiqJ6Ws9wJ-26.png Graphic file (type bmp)
<pic/NNs/8152e79cc88f4258ad55f36b09702b35uXiAdsEiqJ6Ws9wJ-26.png>
 <a0,fr26>
File: pic/NNs/8152e79cc88f4258ad55f36b09702b35uXiAdsEiqJ6Ws9wJ-27.png Graphic file (type bmp)
<pic/NNs/8152e79cc88f4258ad55f36b09702b35uXiAdsEiqJ6Ws9wJ-27.png>
 <a0,fr27>
File: pic/NNs/8152e79cc88f4258ad55f36b09702b35uXiAdsEiqJ6Ws9wJ-28.png Graphic file (type bmp)
<pic/NNs/8152e79cc88f4258ad55f36b09702b35uXiAdsEiqJ6Ws9wJ-28.png>
 <a0,fr28>
File: pic/NNs/8152e79cc88f4258ad55f36b09702b35uXiAdsEiqJ6Ws9wJ-29.png Graphic file (type bmp)
<pic/NNs/8152e79cc88f4258ad55f36b09702b35uXiAdsEiqJ6Ws9wJ-29.png>
 <a0,fr29>
File: pic/NNs/8152e79cc88f4258ad55f36b09702b35uXiAdsEiqJ6Ws9wJ-30.png Graphic file (type bmp)
<pic/NNs/8152e79cc88f4258ad55f36b09702b35uXiAdsEiqJ6Ws9wJ-30.png>
 <a0,fr30>
File: pic/NNs/8152e79cc88f4258ad55f36b09702b35uXiAdsEiqJ6Ws9wJ-31.png Graphic file (type bmp)
<pic/NNs/8152e79cc88f4258ad55f36b09702b35uXiAdsEiqJ6Ws9wJ-31.png>
 <a0,fr31>
File: pic/NNs/8152e79cc88f4258ad55f36b09702b35uXiAdsEiqJ6Ws9wJ-32.png Graphic file (type bmp)
<pic/NNs/8152e79cc88f4258ad55f36b09702b35uXiAdsEiqJ6Ws9wJ-32.png>
 <a0,fr32>
File: pic/NNs/8152e79cc88f4258ad55f36b09702b35uXiAdsEiqJ6Ws9wJ-33.png Graphic file (type bmp)
<pic/NNs/8152e79cc88f4258ad55f36b09702b35uXiAdsEiqJ6Ws9wJ-33.png>
 <a0,fr33>
File: pic/NNs/8152e79cc88f4258ad55f36b09702b35uXiAdsEiqJ6Ws9wJ-34.png Graphic file (type bmp)
<pic/NNs/8152e79cc88f4258ad55f36b09702b35uXiAdsEiqJ6Ws9wJ-34.png>
 <a0,fr34>
File: pic/NNs/8152e79cc88f4258ad55f36b09702b35uXiAdsEiqJ6Ws9wJ-35.png Graphic file (type bmp)
<pic/NNs/8152e79cc88f4258ad55f36b09702b35uXiAdsEiqJ6Ws9wJ-35.png>
 <a0,fr35>
File: pic/NNs/8152e79cc88f4258ad55f36b09702b35uXiAdsEiqJ6Ws9wJ-36.png Graphic file (type bmp)
<pic/NNs/8152e79cc88f4258ad55f36b09702b35uXiAdsEiqJ6Ws9wJ-36.png>
 <a0,fr36>
File: pic/NNs/8152e79cc88f4258ad55f36b09702b35uXiAdsEiqJ6Ws9wJ-37.png Graphic file (type bmp)
<pic/NNs/8152e79cc88f4258ad55f36b09702b35uXiAdsEiqJ6Ws9wJ-37.png>
 <a0,fr37>
File: pic/NNs/8152e79cc88f4258ad55f36b09702b35uXiAdsEiqJ6Ws9wJ-38.png Graphic file (type bmp)
<pic/NNs/8152e79cc88f4258ad55f36b09702b35uXiAdsEiqJ6Ws9wJ-38.png>
 <a0,fr38>
File: pic/NNs/8152e79cc88f4258ad55f36b09702b35uXiAdsEiqJ6Ws9wJ-39.png Graphic file (type bmp)
<pic/NNs/8152e79cc88f4258ad55f36b09702b35uXiAdsEiqJ6Ws9wJ-39.png>
 <a0,fr39>
File: pic/NNs/8152e79cc88f4258ad55f36b09702b35uXiAdsEiqJ6Ws9wJ-40.png Graphic file (type bmp)
<pic/NNs/8152e79cc88f4258ad55f36b09702b35uXiAdsEiqJ6Ws9wJ-40.png>
 <a0,fr40>
File: pic/NNs/8152e79cc88f4258ad55f36b09702b35uXiAdsEiqJ6Ws9wJ-41.png Graphic file (type bmp)
<pic/NNs/8152e79cc88f4258ad55f36b09702b35uXiAdsEiqJ6Ws9wJ-41.png>
 <a0,fr41>
File: pic/NNs/8152e79cc88f4258ad55f36b09702b35uXiAdsEiqJ6Ws9wJ-42.png Graphic file (type bmp)
<pic/NNs/8152e79cc88f4258ad55f36b09702b35uXiAdsEiqJ6Ws9wJ-42.png>
 <a0,fr42>
File: pic/NNs/8152e79cc88f4258ad55f36b09702b35uXiAdsEiqJ6Ws9wJ-43.png Graphic file (type bmp)
<pic/NNs/8152e79cc88f4258ad55f36b09702b35uXiAdsEiqJ6Ws9wJ-43.png>
 <a0,fr43>
File: pic/NNs/8152e79cc88f4258ad55f36b09702b35uXiAdsEiqJ6Ws9wJ-44.png Graphic file (type bmp)
<pic/NNs/8152e79cc88f4258ad55f36b09702b35uXiAdsEiqJ6Ws9wJ-44.png>
 <a0,fr44>
File: pic/NNs/8152e79cc88f4258ad55f36b09702b35uXiAdsEiqJ6Ws9wJ-45.png Graphic file (type bmp)
<pic/NNs/8152e79cc88f4258ad55f36b09702b35uXiAdsEiqJ6Ws9wJ-45.png>
 <a0,fr45>
File: pic/NNs/8152e79cc88f4258ad55f36b09702b35uXiAdsEiqJ6Ws9wJ-46.png Graphic file (type bmp)
<pic/NNs/8152e79cc88f4258ad55f36b09702b35uXiAdsEiqJ6Ws9wJ-46.png>
 <a0,fr46>
File: pic/NNs/8152e79cc88f4258ad55f36b09702b35uXiAdsEiqJ6Ws9wJ-47.png Graphic file (type bmp)
<pic/NNs/8152e79cc88f4258ad55f36b09702b35uXiAdsEiqJ6Ws9wJ-47.png>
 <a0,fr47>
File: pic/NNs/8152e79cc88f4258ad55f36b09702b35uXiAdsEiqJ6Ws9wJ-48.png Graphic file (type bmp)
<pic/NNs/8152e79cc88f4258ad55f36b09702b35uXiAdsEiqJ6Ws9wJ-48.png>
 <a0,fr48>
File: pic/NNs/8152e79cc88f4258ad55f36b09702b35uXiAdsEiqJ6Ws9wJ-49.png Graphic file (type bmp)
<pic/NNs/8152e79cc88f4258ad55f36b09702b35uXiAdsEiqJ6Ws9wJ-49.png>
 <a0,fr49>
File: pic/NNs/8152e79cc88f4258ad55f36b09702b35uXiAdsEiqJ6Ws9wJ-50.png Graphic file (type bmp)
<pic/NNs/8152e79cc88f4258ad55f36b09702b35uXiAdsEiqJ6Ws9wJ-50.png>
 <a0,fr50>
File: pic/NNs/8152e79cc88f4258ad55f36b09702b35uXiAdsEiqJ6Ws9wJ-51.png Graphic file (type bmp)
<pic/NNs/8152e79cc88f4258ad55f36b09702b35uXiAdsEiqJ6Ws9wJ-51.png>
 <a0,fr51>
File: pic/NNs/8152e79cc88f4258ad55f36b09702b35uXiAdsEiqJ6Ws9wJ-52.png Graphic file (type bmp)
<pic/NNs/8152e79cc88f4258ad55f36b09702b35uXiAdsEiqJ6Ws9wJ-52.png>
 <a0,fr52>
File: pic/NNs/8152e79cc88f4258ad55f36b09702b35uXiAdsEiqJ6Ws9wJ-53.png Graphic file (type bmp)
<pic/NNs/8152e79cc88f4258ad55f36b09702b35uXiAdsEiqJ6Ws9wJ-53.png>
 <a0,fr53>
File: pic/NNs/8152e79cc88f4258ad55f36b09702b35uXiAdsEiqJ6Ws9wJ-54.png Graphic file (type bmp)
<pic/NNs/8152e79cc88f4258ad55f36b09702b35uXiAdsEiqJ6Ws9wJ-54.png>
 <a0,fr54>
File: pic/NNs/8152e79cc88f4258ad55f36b09702b35uXiAdsEiqJ6Ws9wJ-55.png Graphic file (type bmp)
<pic/NNs/8152e79cc88f4258ad55f36b09702b35uXiAdsEiqJ6Ws9wJ-55.png>
 <a0,fr55>
File: pic/NNs/8152e79cc88f4258ad55f36b09702b35uXiAdsEiqJ6Ws9wJ-56.png Graphic file (type bmp)
<pic/NNs/8152e79cc88f4258ad55f36b09702b35uXiAdsEiqJ6Ws9wJ-56.png>
 <a0,fr56>
File: pic/NNs/8152e79cc88f4258ad55f36b09702b35uXiAdsEiqJ6Ws9wJ-57.png Graphic file (type bmp)
<pic/NNs/8152e79cc88f4258ad55f36b09702b35uXiAdsEiqJ6Ws9wJ-57.png>
 <a0,fr57>
File: pic/NNs/8152e79cc88f4258ad55f36b09702b35uXiAdsEiqJ6Ws9wJ-58.png Graphic file (type bmp)
<pic/NNs/8152e79cc88f4258ad55f36b09702b35uXiAdsEiqJ6Ws9wJ-58.png>
 <a0,fr58>
File: pic/NNs/8152e79cc88f4258ad55f36b09702b35uXiAdsEiqJ6Ws9wJ-59.png Graphic file (type bmp)
<pic/NNs/8152e79cc88f4258ad55f36b09702b35uXiAdsEiqJ6Ws9wJ-59.png>
 <a0,fr59>
File: pic/NNs/8152e79cc88f4258ad55f36b09702b35uXiAdsEiqJ6Ws9wJ-60.png Graphic file (type bmp)
<pic/NNs/8152e79cc88f4258ad55f36b09702b35uXiAdsEiqJ6Ws9wJ-60.png>
 <a0,fr60>
File: pic/NNs/8152e79cc88f4258ad55f36b09702b35uXiAdsEiqJ6Ws9wJ-61.png Graphic file (type bmp)
<pic/NNs/8152e79cc88f4258ad55f36b09702b35uXiAdsEiqJ6Ws9wJ-61.png>
 <a0,fr61>
File: pic/NNs/8152e79cc88f4258ad55f36b09702b35uXiAdsEiqJ6Ws9wJ-62.png Graphic file (type bmp)
<pic/NNs/8152e79cc88f4258ad55f36b09702b35uXiAdsEiqJ6Ws9wJ-62.png>
 <a0,fr62>
File: pic/NNs/8152e79cc88f4258ad55f36b09702b35uXiAdsEiqJ6Ws9wJ-63.png Graphic file (type bmp)
<pic/NNs/8152e79cc88f4258ad55f36b09702b35uXiAdsEiqJ6Ws9wJ-63.png>
 <a0,fr63>
File: pic/NNs/8152e79cc88f4258ad55f36b09702b35uXiAdsEiqJ6Ws9wJ-64.png Graphic file (type bmp)
<pic/NNs/8152e79cc88f4258ad55f36b09702b35uXiAdsEiqJ6Ws9wJ-64.png>
 <a0,fr64>
File: pic/NNs/8152e79cc88f4258ad55f36b09702b35uXiAdsEiqJ6Ws9wJ-65.png Graphic file (type bmp)
<pic/NNs/8152e79cc88f4258ad55f36b09702b35uXiAdsEiqJ6Ws9wJ-65.png>
 <a0,fr65>
File: pic/NNs/8152e79cc88f4258ad55f36b09702b35uXiAdsEiqJ6Ws9wJ-66.png Graphic file (type bmp)
<pic/NNs/8152e79cc88f4258ad55f36b09702b35uXiAdsEiqJ6Ws9wJ-66.png>
 <a0,fr66>
File: pic/NNs/8152e79cc88f4258ad55f36b09702b35uXiAdsEiqJ6Ws9wJ-67.png Graphic file (type bmp)
<pic/NNs/8152e79cc88f4258ad55f36b09702b35uXiAdsEiqJ6Ws9wJ-67.png>
 <a0,fr67>
File: pic/NNs/8152e79cc88f4258ad55f36b09702b35uXiAdsEiqJ6Ws9wJ-68.png Graphic file (type bmp)
<pic/NNs/8152e79cc88f4258ad55f36b09702b35uXiAdsEiqJ6Ws9wJ-68.png>
 <a0,fr68>
File: pic/NNs/8152e79cc88f4258ad55f36b09702b35uXiAdsEiqJ6Ws9wJ-69.png Graphic file (type bmp)
<pic/NNs/8152e79cc88f4258ad55f36b09702b35uXiAdsEiqJ6Ws9wJ-69.png>
 <a0,fr69>
File: pic/NNs/8152e79cc88f4258ad55f36b09702b35uXiAdsEiqJ6Ws9wJ-70.png Graphic file (type bmp)
<pic/NNs/8152e79cc88f4258ad55f36b09702b35uXiAdsEiqJ6Ws9wJ-70.png>
 <a0,fr70>
File: pic/NNs/8152e79cc88f4258ad55f36b09702b35uXiAdsEiqJ6Ws9wJ-71.png Graphic file (type bmp)
<pic/NNs/8152e79cc88f4258ad55f36b09702b35uXiAdsEiqJ6Ws9wJ-71.png>
 <a0,fr71>
File: pic/NNs/8152e79cc88f4258ad55f36b09702b35uXiAdsEiqJ6Ws9wJ-72.png Graphic file (type bmp)
<pic/NNs/8152e79cc88f4258ad55f36b09702b35uXiAdsEiqJ6Ws9wJ-72.png>
 <a0,fr72>
File: pic/NNs/8152e79cc88f4258ad55f36b09702b35uXiAdsEiqJ6Ws9wJ-73.png Graphic file (type bmp)
<pic/NNs/8152e79cc88f4258ad55f36b09702b35uXiAdsEiqJ6Ws9wJ-73.png>
 <a0,fr73>
File: pic/NNs/8152e79cc88f4258ad55f36b09702b35uXiAdsEiqJ6Ws9wJ-74.png Graphic file (type bmp)
<pic/NNs/8152e79cc88f4258ad55f36b09702b35uXiAdsEiqJ6Ws9wJ-74.png>
 <a0,fr74>
File: pic/NNs/8152e79cc88f4258ad55f36b09702b35uXiAdsEiqJ6Ws9wJ-75.png Graphic file (type bmp)
<pic/NNs/8152e79cc88f4258ad55f36b09702b35uXiAdsEiqJ6Ws9wJ-75.png>
 <a0,fr75>
File: pic/NNs/8152e79cc88f4258ad55f36b09702b35uXiAdsEiqJ6Ws9wJ-76.png Graphic file (type bmp)
<pic/NNs/8152e79cc88f4258ad55f36b09702b35uXiAdsEiqJ6Ws9wJ-76.png>
 <a0,fr76>
File: pic/NNs/8152e79cc88f4258ad55f36b09702b35uXiAdsEiqJ6Ws9wJ-77.png Graphic file (type bmp)
<pic/NNs/8152e79cc88f4258ad55f36b09702b35uXiAdsEiqJ6Ws9wJ-77.png>
 <a0,fr77>
File: pic/NNs/8152e79cc88f4258ad55f36b09702b35uXiAdsEiqJ6Ws9wJ-78.png Graphic file (type bmp)
<pic/NNs/8152e79cc88f4258ad55f36b09702b35uXiAdsEiqJ6Ws9wJ-78.png>
 <a0,fr78>
File: pic/NNs/8152e79cc88f4258ad55f36b09702b35uXiAdsEiqJ6Ws9wJ-79.png Graphic file (type bmp)
<pic/NNs/8152e79cc88f4258ad55f36b09702b35uXiAdsEiqJ6Ws9wJ-79.png>
 <a0,fr79>
File: pic/NNs/8152e79cc88f4258ad55f36b09702b35uXiAdsEiqJ6Ws9wJ-80.png Graphic file (type bmp)
<pic/NNs/8152e79cc88f4258ad55f36b09702b35uXiAdsEiqJ6Ws9wJ-80.png>
 <a0,fr80>
File: pic/NNs/8152e79cc88f4258ad55f36b09702b35uXiAdsEiqJ6Ws9wJ-81.png Graphic file (type bmp)
<pic/NNs/8152e79cc88f4258ad55f36b09702b35uXiAdsEiqJ6Ws9wJ-81.png>
 <a0,fr81>
File: pic/NNs/8152e79cc88f4258ad55f36b09702b35uXiAdsEiqJ6Ws9wJ-82.png Graphic file (type bmp)
<pic/NNs/8152e79cc88f4258ad55f36b09702b35uXiAdsEiqJ6Ws9wJ-82.png>
 <a0,fr82>
File: pic/NNs/8152e79cc88f4258ad55f36b09702b35uXiAdsEiqJ6Ws9wJ-83.png Graphic file (type bmp)
<pic/NNs/8152e79cc88f4258ad55f36b09702b35uXiAdsEiqJ6Ws9wJ-83.png>
 <a0,fr83>
File: pic/NNs/8152e79cc88f4258ad55f36b09702b35uXiAdsEiqJ6Ws9wJ-84.png Graphic file (type bmp)
<pic/NNs/8152e79cc88f4258ad55f36b09702b35uXiAdsEiqJ6Ws9wJ-84.png>
 <a0,fr84>
File: pic/NNs/8152e79cc88f4258ad55f36b09702b35uXiAdsEiqJ6Ws9wJ-85.png Graphic file (type bmp)
<pic/NNs/8152e79cc88f4258ad55f36b09702b35uXiAdsEiqJ6Ws9wJ-85.png>
 <a0,fr85>
File: pic/NNs/8152e79cc88f4258ad55f36b09702b35uXiAdsEiqJ6Ws9wJ-86.png Graphic file (type bmp)
<pic/NNs/8152e79cc88f4258ad55f36b09702b35uXiAdsEiqJ6Ws9wJ-86.png>
 <a0,fr86>
File: pic/NNs/8152e79cc88f4258ad55f36b09702b35uXiAdsEiqJ6Ws9wJ-87.png Graphic file (type bmp)
<pic/NNs/8152e79cc88f4258ad55f36b09702b35uXiAdsEiqJ6Ws9wJ-87.png>
 <a0,fr87>
File: pic/NNs/8152e79cc88f4258ad55f36b09702b35uXiAdsEiqJ6Ws9wJ-88.png Graphic file (type bmp)
<pic/NNs/8152e79cc88f4258ad55f36b09702b35uXiAdsEiqJ6Ws9wJ-88.png>
 <a0,fr88>
File: pic/NNs/8152e79cc88f4258ad55f36b09702b35uXiAdsEiqJ6Ws9wJ-89.png Graphic file (type bmp)
<pic/NNs/8152e79cc88f4258ad55f36b09702b35uXiAdsEiqJ6Ws9wJ-89.png>
 <a0,fr89>
File: pic/NNs/8152e79cc88f4258ad55f36b09702b35uXiAdsEiqJ6Ws9wJ-90.png Graphic file (type bmp)
<pic/NNs/8152e79cc88f4258ad55f36b09702b35uXiAdsEiqJ6Ws9wJ-90.png>
 <a0,fr90>
File: pic/NNs/8152e79cc88f4258ad55f36b09702b35uXiAdsEiqJ6Ws9wJ-91.png Graphic file (type bmp)
<pic/NNs/8152e79cc88f4258ad55f36b09702b35uXiAdsEiqJ6Ws9wJ-91.png>
 <a0,fr91>
File: pic/NNs/8152e79cc88f4258ad55f36b09702b35uXiAdsEiqJ6Ws9wJ-92.png Graphic file (type bmp)
<pic/NNs/8152e79cc88f4258ad55f36b09702b35uXiAdsEiqJ6Ws9wJ-92.png>
 <a0,fr92>
File: pic/NNs/8152e79cc88f4258ad55f36b09702b35uXiAdsEiqJ6Ws9wJ-93.png Graphic file (type bmp)
<pic/NNs/8152e79cc88f4258ad55f36b09702b35uXiAdsEiqJ6Ws9wJ-93.png>
 <a0,fr93>
File: pic/NNs/8152e79cc88f4258ad55f36b09702b35uXiAdsEiqJ6Ws9wJ-94.png Graphic file (type bmp)
<pic/NNs/8152e79cc88f4258ad55f36b09702b35uXiAdsEiqJ6Ws9wJ-94.png>
 <a0,fr94>
File: pic/NNs/8152e79cc88f4258ad55f36b09702b35uXiAdsEiqJ6Ws9wJ-95.png Graphic file (type bmp)
<pic/NNs/8152e79cc88f4258ad55f36b09702b35uXiAdsEiqJ6Ws9wJ-95.png>
 <a0,fr95>
File: pic/NNs/8152e79cc88f4258ad55f36b09702b35uXiAdsEiqJ6Ws9wJ-96.png Graphic file (type bmp)
<pic/NNs/8152e79cc88f4258ad55f36b09702b35uXiAdsEiqJ6Ws9wJ-96.png>
 <a0,fr96>
File: pic/NNs/8152e79cc88f4258ad55f36b09702b35uXiAdsEiqJ6Ws9wJ-97.png Graphic file (type bmp)
<pic/NNs/8152e79cc88f4258ad55f36b09702b35uXiAdsEiqJ6Ws9wJ-97.png>
 <a0,fr97>
File: pic/NNs/8152e79cc88f4258ad55f36b09702b35uXiAdsEiqJ6Ws9wJ-98.png Graphic file (type bmp)
<pic/NNs/8152e79cc88f4258ad55f36b09702b35uXiAdsEiqJ6Ws9wJ-98.png>
 <a0,fr98>
File: pic/NNs/8152e79cc88f4258ad55f36b09702b35uXiAdsEiqJ6Ws9wJ-99.png Graphic file (type bmp)
<pic/NNs/8152e79cc88f4258ad55f36b09702b35uXiAdsEiqJ6Ws9wJ-99.png>
 <a0,fr99>
File: pic/NNs/8152e79cc88f4258ad55f36b09702b35uXiAdsEiqJ6Ws9wJ-100.png Graphic file (type bmp)
<pic/NNs/8152e79cc88f4258ad55f36b09702b35uXiAdsEiqJ6Ws9wJ-100.png>
 <a0,fr100>
File: pic/NNs/8152e79cc88f4258ad55f36b09702b35uXiAdsEiqJ6Ws9wJ-101.png Graphic file (type bmp)
<pic/NNs/8152e79cc88f4258ad55f36b09702b35uXiAdsEiqJ6Ws9wJ-101.png>
 <a0,fr101>
File: pic/NNs/8152e79cc88f4258ad55f36b09702b35uXiAdsEiqJ6Ws9wJ-102.png Graphic file (type bmp)
<pic/NNs/8152e79cc88f4258ad55f36b09702b35uXiAdsEiqJ6Ws9wJ-102.png>
 <a0,fr102>
File: pic/NNs/8152e79cc88f4258ad55f36b09702b35uXiAdsEiqJ6Ws9wJ-103.png Graphic file (type bmp)
<pic/NNs/8152e79cc88f4258ad55f36b09702b35uXiAdsEiqJ6Ws9wJ-103.png>
 <a0,fr103>
File: pic/NNs/8152e79cc88f4258ad55f36b09702b35uXiAdsEiqJ6Ws9wJ-104.png Graphic file (type bmp)
<pic/NNs/8152e79cc88f4258ad55f36b09702b35uXiAdsEiqJ6Ws9wJ-104.png>
 <a0,fr104>
File: pic/NNs/8152e79cc88f4258ad55f36b09702b35uXiAdsEiqJ6Ws9wJ-105.png Graphic file (type bmp)
<pic/NNs/8152e79cc88f4258ad55f36b09702b35uXiAdsEiqJ6Ws9wJ-105.png>
 <a0,fr105>
File: pic/NNs/8152e79cc88f4258ad55f36b09702b35uXiAdsEiqJ6Ws9wJ-106.png Graphic file (type bmp)
<pic/NNs/8152e79cc88f4258ad55f36b09702b35uXiAdsEiqJ6Ws9wJ-106.png>
 <a0,fr106>
File: pic/NNs/8152e79cc88f4258ad55f36b09702b35uXiAdsEiqJ6Ws9wJ-107.png Graphic file (type bmp)
<pic/NNs/8152e79cc88f4258ad55f36b09702b35uXiAdsEiqJ6Ws9wJ-107.png>
 <a0,fr107>
File: pic/NNs/8152e79cc88f4258ad55f36b09702b35uXiAdsEiqJ6Ws9wJ-108.png Graphic file (type bmp)
<pic/NNs/8152e79cc88f4258ad55f36b09702b35uXiAdsEiqJ6Ws9wJ-108.png>
 <a0,fr108>
File: pic/NNs/8152e79cc88f4258ad55f36b09702b35uXiAdsEiqJ6Ws9wJ-109.png Graphic file (type bmp)
<pic/NNs/8152e79cc88f4258ad55f36b09702b35uXiAdsEiqJ6Ws9wJ-109.png>
 <a0,fr109>
File: pic/NNs/8152e79cc88f4258ad55f36b09702b35uXiAdsEiqJ6Ws9wJ-110.png Graphic file (type bmp)
<pic/NNs/8152e79cc88f4258ad55f36b09702b35uXiAdsEiqJ6Ws9wJ-110.png>
 <a0,fr110>
File: pic/NNs/8152e79cc88f4258ad55f36b09702b35uXiAdsEiqJ6Ws9wJ-111.png Graphic file (type bmp)
<pic/NNs/8152e79cc88f4258ad55f36b09702b35uXiAdsEiqJ6Ws9wJ-111.png>
 <a0,fr111>
File: pic/NNs/8152e79cc88f4258ad55f36b09702b35uXiAdsEiqJ6Ws9wJ-112.png Graphic file (type bmp)
<pic/NNs/8152e79cc88f4258ad55f36b09702b35uXiAdsEiqJ6Ws9wJ-112.png>
 <a0,fr112>
File: pic/NNs/8152e79cc88f4258ad55f36b09702b35uXiAdsEiqJ6Ws9wJ-113.png Graphic file (type bmp)
<pic/NNs/8152e79cc88f4258ad55f36b09702b35uXiAdsEiqJ6Ws9wJ-113.png>
 <a0,fr113>
File: pic/NNs/8152e79cc88f4258ad55f36b09702b35uXiAdsEiqJ6Ws9wJ-114.png Graphic file (type bmp)
<pic/NNs/8152e79cc88f4258ad55f36b09702b35uXiAdsEiqJ6Ws9wJ-114.png>
 <a0,fr114>
File: pic/NNs/8152e79cc88f4258ad55f36b09702b35uXiAdsEiqJ6Ws9wJ-115.png Graphic file (type bmp)
<pic/NNs/8152e79cc88f4258ad55f36b09702b35uXiAdsEiqJ6Ws9wJ-115.png>
 <a0,fr115>
File: pic/NNs/8152e79cc88f4258ad55f36b09702b35uXiAdsEiqJ6Ws9wJ-116.png Graphic file (type bmp)
<pic/NNs/8152e79cc88f4258ad55f36b09702b35uXiAdsEiqJ6Ws9wJ-116.png>
 <a0,fr116>
File: pic/NNs/8152e79cc88f4258ad55f36b09702b35uXiAdsEiqJ6Ws9wJ-117.png Graphic file (type bmp)
<pic/NNs/8152e79cc88f4258ad55f36b09702b35uXiAdsEiqJ6Ws9wJ-117.png>
 <a0,fr117>
File: pic/NNs/8152e79cc88f4258ad55f36b09702b35uXiAdsEiqJ6Ws9wJ-118.png Graphic file (type bmp)
<pic/NNs/8152e79cc88f4258ad55f36b09702b35uXiAdsEiqJ6Ws9wJ-118.png>
 <a0,fr118>
File: pic/NNs/8152e79cc88f4258ad55f36b09702b35uXiAdsEiqJ6Ws9wJ-119.png Graphic file (type bmp)
<pic/NNs/8152e79cc88f4258ad55f36b09702b35uXiAdsEiqJ6Ws9wJ-119.png>
 <a0,fr119>
File: pic/NNs/8152e79cc88f4258ad55f36b09702b35uXiAdsEiqJ6Ws9wJ-120.png Graphic file (type bmp)
<pic/NNs/8152e79cc88f4258ad55f36b09702b35uXiAdsEiqJ6Ws9wJ-120.png>
 <a0,fr120>
File: pic/NNs/8152e79cc88f4258ad55f36b09702b35uXiAdsEiqJ6Ws9wJ-121.png Graphic file (type bmp)
<pic/NNs/8152e79cc88f4258ad55f36b09702b35uXiAdsEiqJ6Ws9wJ-121.png>
 <a0,fr121>
File: pic/NNs/8152e79cc88f4258ad55f36b09702b35uXiAdsEiqJ6Ws9wJ-122.png Graphic file (type bmp)
<pic/NNs/8152e79cc88f4258ad55f36b09702b35uXiAdsEiqJ6Ws9wJ-122.png>
 <a0,fr122>
File: pic/NNs/8152e79cc88f4258ad55f36b09702b35uXiAdsEiqJ6Ws9wJ-123.png Graphic file (type bmp)
<pic/NNs/8152e79cc88f4258ad55f36b09702b35uXiAdsEiqJ6Ws9wJ-123.png>
 <a0,fr123>
File: pic/NNs/8152e79cc88f4258ad55f36b09702b35uXiAdsEiqJ6Ws9wJ-124.png Graphic file (type bmp)
<pic/NNs/8152e79cc88f4258ad55f36b09702b35uXiAdsEiqJ6Ws9wJ-124.png>
 <a0,fr124>
File: pic/NNs/8152e79cc88f4258ad55f36b09702b35uXiAdsEiqJ6Ws9wJ-125.png Graphic file (type bmp)
<pic/NNs/8152e79cc88f4258ad55f36b09702b35uXiAdsEiqJ6Ws9wJ-125.png>
 <a0,fr125>
File: pic/NNs/8152e79cc88f4258ad55f36b09702b35uXiAdsEiqJ6Ws9wJ-126.png Graphic file (type bmp)
<pic/NNs/8152e79cc88f4258ad55f36b09702b35uXiAdsEiqJ6Ws9wJ-126.png>
 <a0,fr126>
File: pic/NNs/8152e79cc88f4258ad55f36b09702b35uXiAdsEiqJ6Ws9wJ-127.png Graphic file (type bmp)
<pic/NNs/8152e79cc88f4258ad55f36b09702b35uXiAdsEiqJ6Ws9wJ-127.png>
 <a0,fr127>
File: pic/NNs/8152e79cc88f4258ad55f36b09702b35uXiAdsEiqJ6Ws9wJ-128.png Graphic file (type bmp)
<pic/NNs/8152e79cc88f4258ad55f36b09702b35uXiAdsEiqJ6Ws9wJ-128.png>
 <a0,fr128>
File: pic/NNs/8152e79cc88f4258ad55f36b09702b35uXiAdsEiqJ6Ws9wJ-129.png Graphic file (type bmp)
<pic/NNs/8152e79cc88f4258ad55f36b09702b35uXiAdsEiqJ6Ws9wJ-129.png>
 <a0,fr129>
File: pic/NNs/8152e79cc88f4258ad55f36b09702b35uXiAdsEiqJ6Ws9wJ-130.png Graphic file (type bmp)
<pic/NNs/8152e79cc88f4258ad55f36b09702b35uXiAdsEiqJ6Ws9wJ-130.png>
 <a0,fr130>
File: pic/NNs/8152e79cc88f4258ad55f36b09702b35uXiAdsEiqJ6Ws9wJ-131.png Graphic file (type bmp)
<pic/NNs/8152e79cc88f4258ad55f36b09702b35uXiAdsEiqJ6Ws9wJ-131.png>
 <a0,fr131>
File: pic/NNs/8152e79cc88f4258ad55f36b09702b35uXiAdsEiqJ6Ws9wJ-132.png Graphic file (type bmp)
<pic/NNs/8152e79cc88f4258ad55f36b09702b35uXiAdsEiqJ6Ws9wJ-132.png>
 <a0,fr132>
File: pic/NNs/8152e79cc88f4258ad55f36b09702b35uXiAdsEiqJ6Ws9wJ-133.png Graphic file (type bmp)
<pic/NNs/8152e79cc88f4258ad55f36b09702b35uXiAdsEiqJ6Ws9wJ-133.png>
 <a0,fr133>
File: pic/NNs/8152e79cc88f4258ad55f36b09702b35uXiAdsEiqJ6Ws9wJ-134.png Graphic file (type bmp)
<pic/NNs/8152e79cc88f4258ad55f36b09702b35uXiAdsEiqJ6Ws9wJ-134.png>
 <a0,fr134>
File: pic/NNs/8152e79cc88f4258ad55f36b09702b35uXiAdsEiqJ6Ws9wJ-135.png Graphic file (type bmp)
<pic/NNs/8152e79cc88f4258ad55f36b09702b35uXiAdsEiqJ6Ws9wJ-135.png>
 <a0,fr135>
File: pic/NNs/8152e79cc88f4258ad55f36b09702b35uXiAdsEiqJ6Ws9wJ-136.png Graphic file (type bmp)
<pic/NNs/8152e79cc88f4258ad55f36b09702b35uXiAdsEiqJ6Ws9wJ-136.png>
 <a0,fr136>
File: pic/NNs/8152e79cc88f4258ad55f36b09702b35uXiAdsEiqJ6Ws9wJ-137.png Graphic file (type bmp)
<pic/NNs/8152e79cc88f4258ad55f36b09702b35uXiAdsEiqJ6Ws9wJ-137.png>
 <a0,fr137>
File: pic/NNs/8152e79cc88f4258ad55f36b09702b35uXiAdsEiqJ6Ws9wJ-138.png Graphic file (type bmp)
<pic/NNs/8152e79cc88f4258ad55f36b09702b35uXiAdsEiqJ6Ws9wJ-138.png>
 <a0,fr138>
File: pic/NNs/8152e79cc88f4258ad55f36b09702b35uXiAdsEiqJ6Ws9wJ-139.png Graphic file (type bmp)
<pic/NNs/8152e79cc88f4258ad55f36b09702b35uXiAdsEiqJ6Ws9wJ-139.png>
 <a0,fr139>
File: pic/NNs/8152e79cc88f4258ad55f36b09702b35uXiAdsEiqJ6Ws9wJ-140.png Graphic file (type bmp)
<pic/NNs/8152e79cc88f4258ad55f36b09702b35uXiAdsEiqJ6Ws9wJ-140.png>
 <a0,fr140>
File: pic/NNs/8152e79cc88f4258ad55f36b09702b35uXiAdsEiqJ6Ws9wJ-141.png Graphic file (type bmp)
<pic/NNs/8152e79cc88f4258ad55f36b09702b35uXiAdsEiqJ6Ws9wJ-141.png>
 <a0,fr141>
File: pic/NNs/8152e79cc88f4258ad55f36b09702b35uXiAdsEiqJ6Ws9wJ-142.png Graphic file (type bmp)
<pic/NNs/8152e79cc88f4258ad55f36b09702b35uXiAdsEiqJ6Ws9wJ-142.png>
 <a0,fr142>
File: pic/NNs/8152e79cc88f4258ad55f36b09702b35uXiAdsEiqJ6Ws9wJ-143.png Graphic file (type bmp)
<pic/NNs/8152e79cc88f4258ad55f36b09702b35uXiAdsEiqJ6Ws9wJ-143.png>
 <a0,fr143>
File: pic/NNs/8152e79cc88f4258ad55f36b09702b35uXiAdsEiqJ6Ws9wJ-144.png Graphic file (type bmp)
<pic/NNs/8152e79cc88f4258ad55f36b09702b35uXiAdsEiqJ6Ws9wJ-144.png>
 <a0,fr144>
File: pic/NNs/8152e79cc88f4258ad55f36b09702b35uXiAdsEiqJ6Ws9wJ-145.png Graphic file (type bmp)
<pic/NNs/8152e79cc88f4258ad55f36b09702b35uXiAdsEiqJ6Ws9wJ-145.png>
 <a0,fr145>
File: pic/NNs/8152e79cc88f4258ad55f36b09702b35uXiAdsEiqJ6Ws9wJ-146.png Graphic file (type bmp)
<pic/NNs/8152e79cc88f4258ad55f36b09702b35uXiAdsEiqJ6Ws9wJ-146.png>
 <a0,fr146>
File: pic/NNs/8152e79cc88f4258ad55f36b09702b35uXiAdsEiqJ6Ws9wJ-147.png Graphic file (type bmp)
<pic/NNs/8152e79cc88f4258ad55f36b09702b35uXiAdsEiqJ6Ws9wJ-147.png>
 <a0,fr147>
File: pic/NNs/8152e79cc88f4258ad55f36b09702b35uXiAdsEiqJ6Ws9wJ-148.png Graphic file (type bmp)
<pic/NNs/8152e79cc88f4258ad55f36b09702b35uXiAdsEiqJ6Ws9wJ-148.png>
 <a0,fr148>
File: pic/NNs/8152e79cc88f4258ad55f36b09702b35uXiAdsEiqJ6Ws9wJ-149.png Graphic file (type bmp)
<pic/NNs/8152e79cc88f4258ad55f36b09702b35uXiAdsEiqJ6Ws9wJ-149.png>
 <a0,fr149>
File: pic/NNs/8152e79cc88f4258ad55f36b09702b35uXiAdsEiqJ6Ws9wJ-150.png Graphic file (type bmp)
<pic/NNs/8152e79cc88f4258ad55f36b09702b35uXiAdsEiqJ6Ws9wJ-150.png>
 <a0,fr150>
File: pic/NNs/8152e79cc88f4258ad55f36b09702b35uXiAdsEiqJ6Ws9wJ-151.png Graphic file (type bmp)
<pic/NNs/8152e79cc88f4258ad55f36b09702b35uXiAdsEiqJ6Ws9wJ-151.png>
 <a0,fr151>
File: pic/NNs/8152e79cc88f4258ad55f36b09702b35uXiAdsEiqJ6Ws9wJ-152.png Graphic file (type bmp)
<pic/NNs/8152e79cc88f4258ad55f36b09702b35uXiAdsEiqJ6Ws9wJ-152.png>
 <a0,fr152>
File: pic/NNs/8152e79cc88f4258ad55f36b09702b35uXiAdsEiqJ6Ws9wJ-153.png Graphic file (type bmp)
<pic/NNs/8152e79cc88f4258ad55f36b09702b35uXiAdsEiqJ6Ws9wJ-153.png>
 <a0,fr153>
File: pic/NNs/8152e79cc88f4258ad55f36b09702b35uXiAdsEiqJ6Ws9wJ-154.png Graphic file (type bmp)
<pic/NNs/8152e79cc88f4258ad55f36b09702b35uXiAdsEiqJ6Ws9wJ-154.png>
 <a0,fr154>
File: pic/NNs/8152e79cc88f4258ad55f36b09702b35uXiAdsEiqJ6Ws9wJ-155.png Graphic file (type bmp)
<pic/NNs/8152e79cc88f4258ad55f36b09702b35uXiAdsEiqJ6Ws9wJ-155.png>
 <a0,fr155>
File: pic/NNs/8152e79cc88f4258ad55f36b09702b35uXiAdsEiqJ6Ws9wJ-156.png Graphic file (type bmp)
<pic/NNs/8152e79cc88f4258ad55f36b09702b35uXiAdsEiqJ6Ws9wJ-156.png>
 <a0,fr156>
File: pic/NNs/8152e79cc88f4258ad55f36b09702b35uXiAdsEiqJ6Ws9wJ-157.png Graphic file (type bmp)
<pic/NNs/8152e79cc88f4258ad55f36b09702b35uXiAdsEiqJ6Ws9wJ-157.png>
 <a0,fr157>
File: pic/NNs/8152e79cc88f4258ad55f36b09702b35uXiAdsEiqJ6Ws9wJ-158.png Graphic file (type bmp)
<pic/NNs/8152e79cc88f4258ad55f36b09702b35uXiAdsEiqJ6Ws9wJ-158.png>
 <a0,fr158>
File: pic/NNs/8152e79cc88f4258ad55f36b09702b35uXiAdsEiqJ6Ws9wJ-159.png Graphic file (type bmp)
<pic/NNs/8152e79cc88f4258ad55f36b09702b35uXiAdsEiqJ6Ws9wJ-159.png>
 <a0,fr159>
File: pic/NNs/8152e79cc88f4258ad55f36b09702b35uXiAdsEiqJ6Ws9wJ-160.png Graphic file (type bmp)
<pic/NNs/8152e79cc88f4258ad55f36b09702b35uXiAdsEiqJ6Ws9wJ-160.png>
 <a0,fr160>
File: pic/NNs/8152e79cc88f4258ad55f36b09702b35uXiAdsEiqJ6Ws9wJ-161.png Graphic file (type bmp)
<pic/NNs/8152e79cc88f4258ad55f36b09702b35uXiAdsEiqJ6Ws9wJ-161.png>
 <a0,fr161>
File: pic/NNs/8152e79cc88f4258ad55f36b09702b35uXiAdsEiqJ6Ws9wJ-162.png Graphic file (type bmp)
<pic/NNs/8152e79cc88f4258ad55f36b09702b35uXiAdsEiqJ6Ws9wJ-162.png>
 <a0,fr162>
File: pic/NNs/8152e79cc88f4258ad55f36b09702b35uXiAdsEiqJ6Ws9wJ-163.png Graphic file (type bmp)
<pic/NNs/8152e79cc88f4258ad55f36b09702b35uXiAdsEiqJ6Ws9wJ-163.png>
 <a0,fr163>
File: pic/NNs/8152e79cc88f4258ad55f36b09702b35uXiAdsEiqJ6Ws9wJ-164.png Graphic file (type bmp)
<pic/NNs/8152e79cc88f4258ad55f36b09702b35uXiAdsEiqJ6Ws9wJ-164.png>
 <a0,fr164>
File: pic/NNs/8152e79cc88f4258ad55f36b09702b35uXiAdsEiqJ6Ws9wJ-165.png Graphic file (type bmp)
<pic/NNs/8152e79cc88f4258ad55f36b09702b35uXiAdsEiqJ6Ws9wJ-165.png>
 <a0,fr165>
File: pic/NNs/8152e79cc88f4258ad55f36b09702b35uXiAdsEiqJ6Ws9wJ-166.png Graphic file (type bmp)
<pic/NNs/8152e79cc88f4258ad55f36b09702b35uXiAdsEiqJ6Ws9wJ-166.png>
 <a0,fr166>
File: pic/NNs/8152e79cc88f4258ad55f36b09702b35uXiAdsEiqJ6Ws9wJ-167.png Graphic file (type bmp)
<pic/NNs/8152e79cc88f4258ad55f36b09702b35uXiAdsEiqJ6Ws9wJ-167.png>
 <a0,fr167>
File: pic/NNs/8152e79cc88f4258ad55f36b09702b35uXiAdsEiqJ6Ws9wJ-168.png Graphic file (type bmp)
<pic/NNs/8152e79cc88f4258ad55f36b09702b35uXiAdsEiqJ6Ws9wJ-168.png>
 <a0,fr168>
File: pic/NNs/8152e79cc88f4258ad55f36b09702b35uXiAdsEiqJ6Ws9wJ-169.png Graphic file (type bmp)
<pic/NNs/8152e79cc88f4258ad55f36b09702b35uXiAdsEiqJ6Ws9wJ-169.png>
 <a0,fr169>
File: pic/NNs/8152e79cc88f4258ad55f36b09702b35uXiAdsEiqJ6Ws9wJ-170.png Graphic file (type bmp)
<pic/NNs/8152e79cc88f4258ad55f36b09702b35uXiAdsEiqJ6Ws9wJ-170.png>
 <a0,fr170>
File: pic/NNs/8152e79cc88f4258ad55f36b09702b35uXiAdsEiqJ6Ws9wJ-171.png Graphic file (type bmp)
<pic/NNs/8152e79cc88f4258ad55f36b09702b35uXiAdsEiqJ6Ws9wJ-171.png>
 <a0,fr171>
File: pic/NNs/8152e79cc88f4258ad55f36b09702b35uXiAdsEiqJ6Ws9wJ-172.png Graphic file (type bmp)
<pic/NNs/8152e79cc88f4258ad55f36b09702b35uXiAdsEiqJ6Ws9wJ-172.png>
 <a0,fr172>
File: pic/NNs/8152e79cc88f4258ad55f36b09702b35uXiAdsEiqJ6Ws9wJ-173.png Graphic file (type bmp)
<pic/NNs/8152e79cc88f4258ad55f36b09702b35uXiAdsEiqJ6Ws9wJ-173.png>
 <a0,fr173>
File: pic/NNs/8152e79cc88f4258ad55f36b09702b35uXiAdsEiqJ6Ws9wJ-174.png Graphic file (type bmp)
<pic/NNs/8152e79cc88f4258ad55f36b09702b35uXiAdsEiqJ6Ws9wJ-174.png>
 <a0,fr174>
File: pic/NNs/8152e79cc88f4258ad55f36b09702b35uXiAdsEiqJ6Ws9wJ-175.png Graphic file (type bmp)
<pic/NNs/8152e79cc88f4258ad55f36b09702b35uXiAdsEiqJ6Ws9wJ-175.png>
 <a0,fr175>
File: pic/NNs/8152e79cc88f4258ad55f36b09702b35uXiAdsEiqJ6Ws9wJ-176.png Graphic file (type bmp)
<pic/NNs/8152e79cc88f4258ad55f36b09702b35uXiAdsEiqJ6Ws9wJ-176.png>
 <a0,fr176>
File: pic/NNs/8152e79cc88f4258ad55f36b09702b35uXiAdsEiqJ6Ws9wJ-177.png Graphic file (type bmp)
<pic/NNs/8152e79cc88f4258ad55f36b09702b35uXiAdsEiqJ6Ws9wJ-177.png>
 <a0,fr177>
File: pic/NNs/8152e79cc88f4258ad55f36b09702b35uXiAdsEiqJ6Ws9wJ-178.png Graphic file (type bmp)
<pic/NNs/8152e79cc88f4258ad55f36b09702b35uXiAdsEiqJ6Ws9wJ-178.png>
 <a0,fr178>
File: pic/NNs/8152e79cc88f4258ad55f36b09702b35uXiAdsEiqJ6Ws9wJ-179.png Graphic file (type bmp)
<pic/NNs/8152e79cc88f4258ad55f36b09702b35uXiAdsEiqJ6Ws9wJ-179.png>
 <a0,fr179>
File: pic/NNs/8152e79cc88f4258ad55f36b09702b35uXiAdsEiqJ6Ws9wJ-180.png Graphic file (type bmp)
<pic/NNs/8152e79cc88f4258ad55f36b09702b35uXiAdsEiqJ6Ws9wJ-180.png>
 <a0,fr180>
File: pic/NNs/8152e79cc88f4258ad55f36b09702b35uXiAdsEiqJ6Ws9wJ-181.png Graphic file (type bmp)
<pic/NNs/8152e79cc88f4258ad55f36b09702b35uXiAdsEiqJ6Ws9wJ-181.png>
 <a0,fr181>
File: pic/NNs/8152e79cc88f4258ad55f36b09702b35uXiAdsEiqJ6Ws9wJ-182.png Graphic file (type bmp)
<pic/NNs/8152e79cc88f4258ad55f36b09702b35uXiAdsEiqJ6Ws9wJ-182.png>
 <a0,fr182>
File: pic/NNs/8152e79cc88f4258ad55f36b09702b35uXiAdsEiqJ6Ws9wJ-183.png Graphic file (type bmp)
<pic/NNs/8152e79cc88f4258ad55f36b09702b35uXiAdsEiqJ6Ws9wJ-183.png>
 <a0,fr183>
File: pic/NNs/8152e79cc88f4258ad55f36b09702b35uXiAdsEiqJ6Ws9wJ-184.png Graphic file (type bmp)
<pic/NNs/8152e79cc88f4258ad55f36b09702b35uXiAdsEiqJ6Ws9wJ-184.png>
 <a0,fr184>
File: pic/NNs/8152e79cc88f4258ad55f36b09702b35uXiAdsEiqJ6Ws9wJ-185.png Graphic file (type bmp)
<pic/NNs/8152e79cc88f4258ad55f36b09702b35uXiAdsEiqJ6Ws9wJ-185.png>
 <a0,fr185>
File: pic/NNs/8152e79cc88f4258ad55f36b09702b35uXiAdsEiqJ6Ws9wJ-186.png Graphic file (type bmp)
<pic/NNs/8152e79cc88f4258ad55f36b09702b35uXiAdsEiqJ6Ws9wJ-186.png>
 <a0,fr186>
File: pic/NNs/8152e79cc88f4258ad55f36b09702b35uXiAdsEiqJ6Ws9wJ-187.png Graphic file (type bmp)
<pic/NNs/8152e79cc88f4258ad55f36b09702b35uXiAdsEiqJ6Ws9wJ-187.png>
 <a0,fr187>
File: pic/NNs/8152e79cc88f4258ad55f36b09702b35uXiAdsEiqJ6Ws9wJ-188.png Graphic file (type bmp)
<pic/NNs/8152e79cc88f4258ad55f36b09702b35uXiAdsEiqJ6Ws9wJ-188.png>
 <a0,fr188>
File: pic/NNs/8152e79cc88f4258ad55f36b09702b35uXiAdsEiqJ6Ws9wJ-189.png Graphic file (type bmp)
<pic/NNs/8152e79cc88f4258ad55f36b09702b35uXiAdsEiqJ6Ws9wJ-189.png>
 <a0,fr189>
File: pic/NNs/8152e79cc88f4258ad55f36b09702b35uXiAdsEiqJ6Ws9wJ-190.png Graphic file (type bmp)
<pic/NNs/8152e79cc88f4258ad55f36b09702b35uXiAdsEiqJ6Ws9wJ-190.png>
 <a0,fr190>
File: pic/NNs/8152e79cc88f4258ad55f36b09702b35uXiAdsEiqJ6Ws9wJ-191.png Graphic file (type bmp)
<pic/NNs/8152e79cc88f4258ad55f36b09702b35uXiAdsEiqJ6Ws9wJ-191.png>
 <a0,fr191>
File: pic/NNs/8152e79cc88f4258ad55f36b09702b35uXiAdsEiqJ6Ws9wJ-192.png Graphic file (type bmp)
<pic/NNs/8152e79cc88f4258ad55f36b09702b35uXiAdsEiqJ6Ws9wJ-192.png>
 <a0,fr192>
File: pic/NNs/8152e79cc88f4258ad55f36b09702b35uXiAdsEiqJ6Ws9wJ-193.png Graphic file (type bmp)
<pic/NNs/8152e79cc88f4258ad55f36b09702b35uXiAdsEiqJ6Ws9wJ-193.png>
 <a0,fr193>
File: pic/NNs/8152e79cc88f4258ad55f36b09702b35uXiAdsEiqJ6Ws9wJ-194.png Graphic file (type bmp)
<pic/NNs/8152e79cc88f4258ad55f36b09702b35uXiAdsEiqJ6Ws9wJ-194.png>
 <a0,fr194>
File: pic/NNs/8152e79cc88f4258ad55f36b09702b35uXiAdsEiqJ6Ws9wJ-195.png Graphic file (type bmp)
<pic/NNs/8152e79cc88f4258ad55f36b09702b35uXiAdsEiqJ6Ws9wJ-195.png>
 <a0,fr195>
File: pic/NNs/8152e79cc88f4258ad55f36b09702b35uXiAdsEiqJ6Ws9wJ-196.png Graphic file (type bmp)
<pic/NNs/8152e79cc88f4258ad55f36b09702b35uXiAdsEiqJ6Ws9wJ-196.png>
 <a0,fr196>
File: pic/NNs/8152e79cc88f4258ad55f36b09702b35uXiAdsEiqJ6Ws9wJ-197.png Graphic file (type bmp)
<pic/NNs/8152e79cc88f4258ad55f36b09702b35uXiAdsEiqJ6Ws9wJ-197.png>
 <a0,fr197>
File: pic/NNs/8152e79cc88f4258ad55f36b09702b35uXiAdsEiqJ6Ws9wJ-198.png Graphic file (type bmp)
<pic/NNs/8152e79cc88f4258ad55f36b09702b35uXiAdsEiqJ6Ws9wJ-198.png>
 <a0,fr198>
File: pic/NNs/8152e79cc88f4258ad55f36b09702b35uXiAdsEiqJ6Ws9wJ-199.png Graphic file (type bmp)
<pic/NNs/8152e79cc88f4258ad55f36b09702b35uXiAdsEiqJ6Ws9wJ-199.png>
 <a0,fr199>
File: pic/NNs/8152e79cc88f4258ad55f36b09702b35uXiAdsEiqJ6Ws9wJ-200.png Graphic file (type bmp)
<pic/NNs/8152e79cc88f4258ad55f36b09702b35uXiAdsEiqJ6Ws9wJ-200.png>
 <a0,fr200>
File: pic/NNs/8152e79cc88f4258ad55f36b09702b35uXiAdsEiqJ6Ws9wJ-201.png Graphic file (type bmp)
<pic/NNs/8152e79cc88f4258ad55f36b09702b35uXiAdsEiqJ6Ws9wJ-201.png>
 <a0,fr201>
File: pic/NNs/8152e79cc88f4258ad55f36b09702b35uXiAdsEiqJ6Ws9wJ-202.png Graphic file (type bmp)
<pic/NNs/8152e79cc88f4258ad55f36b09702b35uXiAdsEiqJ6Ws9wJ-202.png>
 <a0,fr202>
File: pic/NNs/8152e79cc88f4258ad55f36b09702b35uXiAdsEiqJ6Ws9wJ-203.png Graphic file (type bmp)
<pic/NNs/8152e79cc88f4258ad55f36b09702b35uXiAdsEiqJ6Ws9wJ-203.png>
 <a0,fr203>
File: pic/NNs/8152e79cc88f4258ad55f36b09702b35uXiAdsEiqJ6Ws9wJ-204.png Graphic file (type bmp)
<pic/NNs/8152e79cc88f4258ad55f36b09702b35uXiAdsEiqJ6Ws9wJ-204.png>
 <a0,fr204>
File: pic/NNs/8152e79cc88f4258ad55f36b09702b35uXiAdsEiqJ6Ws9wJ-205.png Graphic file (type bmp)
<pic/NNs/8152e79cc88f4258ad55f36b09702b35uXiAdsEiqJ6Ws9wJ-205.png>
 <a0,fr205>
File: pic/NNs/8152e79cc88f4258ad55f36b09702b35uXiAdsEiqJ6Ws9wJ-206.png Graphic file (type bmp)
<pic/NNs/8152e79cc88f4258ad55f36b09702b35uXiAdsEiqJ6Ws9wJ-206.png>
 <a0,fr206>
File: pic/NNs/8152e79cc88f4258ad55f36b09702b35uXiAdsEiqJ6Ws9wJ-207.png Graphic file (type bmp)
<pic/NNs/8152e79cc88f4258ad55f36b09702b35uXiAdsEiqJ6Ws9wJ-207.png>
 <a0,fr207>
File: pic/NNs/8152e79cc88f4258ad55f36b09702b35uXiAdsEiqJ6Ws9wJ-208.png Graphic file (type bmp)
<pic/NNs/8152e79cc88f4258ad55f36b09702b35uXiAdsEiqJ6Ws9wJ-208.png>
 <a0,fr208>
File: pic/NNs/8152e79cc88f4258ad55f36b09702b35uXiAdsEiqJ6Ws9wJ-209.png Graphic file (type bmp)
<pic/NNs/8152e79cc88f4258ad55f36b09702b35uXiAdsEiqJ6Ws9wJ-209.png>
 <a0,fr209>
File: pic/NNs/8152e79cc88f4258ad55f36b09702b35uXiAdsEiqJ6Ws9wJ-210.png Graphic file (type bmp)
<pic/NNs/8152e79cc88f4258ad55f36b09702b35uXiAdsEiqJ6Ws9wJ-210.png>
 <a0,fr210>
File: pic/NNs/8152e79cc88f4258ad55f36b09702b35uXiAdsEiqJ6Ws9wJ-211.png Graphic file (type bmp)
<pic/NNs/8152e79cc88f4258ad55f36b09702b35uXiAdsEiqJ6Ws9wJ-211.png>
 <a0,fr211>
File: pic/NNs/8152e79cc88f4258ad55f36b09702b35uXiAdsEiqJ6Ws9wJ-212.png Graphic file (type bmp)
<pic/NNs/8152e79cc88f4258ad55f36b09702b35uXiAdsEiqJ6Ws9wJ-212.png>
 <a0,fr212>
File: pic/NNs/8152e79cc88f4258ad55f36b09702b35uXiAdsEiqJ6Ws9wJ-213.png Graphic file (type bmp)
<pic/NNs/8152e79cc88f4258ad55f36b09702b35uXiAdsEiqJ6Ws9wJ-213.png>
 <a0,fr213>
File: pic/NNs/8152e79cc88f4258ad55f36b09702b35uXiAdsEiqJ6Ws9wJ-214.png Graphic file (type bmp)
<pic/NNs/8152e79cc88f4258ad55f36b09702b35uXiAdsEiqJ6Ws9wJ-214.png>
 <a0,fr214>
File: pic/NNs/8152e79cc88f4258ad55f36b09702b35uXiAdsEiqJ6Ws9wJ-215.png Graphic file (type bmp)
<pic/NNs/8152e79cc88f4258ad55f36b09702b35uXiAdsEiqJ6Ws9wJ-215.png>
 <a0,fr215>
File: pic/NNs/8152e79cc88f4258ad55f36b09702b35uXiAdsEiqJ6Ws9wJ-216.png Graphic file (type bmp)
<pic/NNs/8152e79cc88f4258ad55f36b09702b35uXiAdsEiqJ6Ws9wJ-216.png>
 <a0,fr216>
File: pic/NNs/8152e79cc88f4258ad55f36b09702b35uXiAdsEiqJ6Ws9wJ-217.png Graphic file (type bmp)
<pic/NNs/8152e79cc88f4258ad55f36b09702b35uXiAdsEiqJ6Ws9wJ-217.png>
 <a0,fr217>
File: pic/NNs/8152e79cc88f4258ad55f36b09702b35uXiAdsEiqJ6Ws9wJ-218.png Graphic file (type bmp)
<pic/NNs/8152e79cc88f4258ad55f36b09702b35uXiAdsEiqJ6Ws9wJ-218.png>
 <a0,fr218>
File: pic/NNs/8152e79cc88f4258ad55f36b09702b35uXiAdsEiqJ6Ws9wJ-219.png Graphic file (type bmp)
<pic/NNs/8152e79cc88f4258ad55f36b09702b35uXiAdsEiqJ6Ws9wJ-219.png>
 <a0,fr219>
File: pic/NNs/8152e79cc88f4258ad55f36b09702b35uXiAdsEiqJ6Ws9wJ-220.png Graphic file (type bmp)
<pic/NNs/8152e79cc88f4258ad55f36b09702b35uXiAdsEiqJ6Ws9wJ-220.png>
 <a0,fr220>
File: pic/NNs/8152e79cc88f4258ad55f36b09702b35uXiAdsEiqJ6Ws9wJ-221.png Graphic file (type bmp)
<pic/NNs/8152e79cc88f4258ad55f36b09702b35uXiAdsEiqJ6Ws9wJ-221.png>
 <a0,fr221>
File: pic/NNs/8152e79cc88f4258ad55f36b09702b35uXiAdsEiqJ6Ws9wJ-222.png Graphic file (type bmp)
<pic/NNs/8152e79cc88f4258ad55f36b09702b35uXiAdsEiqJ6Ws9wJ-222.png>
 <a0,fr222>
File: pic/NNs/8152e79cc88f4258ad55f36b09702b35uXiAdsEiqJ6Ws9wJ-223.png Graphic file (type bmp)
<pic/NNs/8152e79cc88f4258ad55f36b09702b35uXiAdsEiqJ6Ws9wJ-223.png>
 <a0,fr223>
File: pic/NNs/8152e79cc88f4258ad55f36b09702b35uXiAdsEiqJ6Ws9wJ-224.png Graphic file (type bmp)
<pic/NNs/8152e79cc88f4258ad55f36b09702b35uXiAdsEiqJ6Ws9wJ-224.png>
 <a0,fr224>
File: pic/NNs/8152e79cc88f4258ad55f36b09702b35uXiAdsEiqJ6Ws9wJ-225.png Graphic file (type bmp)
<pic/NNs/8152e79cc88f4258ad55f36b09702b35uXiAdsEiqJ6Ws9wJ-225.png>
 <a0,fr225>
File: pic/NNs/8152e79cc88f4258ad55f36b09702b35uXiAdsEiqJ6Ws9wJ-226.png Graphic file (type bmp)
<pic/NNs/8152e79cc88f4258ad55f36b09702b35uXiAdsEiqJ6Ws9wJ-226.png>
 <a0,fr226>
File: pic/NNs/8152e79cc88f4258ad55f36b09702b35uXiAdsEiqJ6Ws9wJ-227.png Graphic file (type bmp)
<pic/NNs/8152e79cc88f4258ad55f36b09702b35uXiAdsEiqJ6Ws9wJ-227.png>
 <a0,fr227>
File: pic/NNs/8152e79cc88f4258ad55f36b09702b35uXiAdsEiqJ6Ws9wJ-228.png Graphic file (type bmp)
<pic/NNs/8152e79cc88f4258ad55f36b09702b35uXiAdsEiqJ6Ws9wJ-228.png>
 <a0,fr228>
File: pic/NNs/8152e79cc88f4258ad55f36b09702b35uXiAdsEiqJ6Ws9wJ-229.png Graphic file (type bmp)
<pic/NNs/8152e79cc88f4258ad55f36b09702b35uXiAdsEiqJ6Ws9wJ-229.png>
 <a0,fr229>
File: pic/NNs/8152e79cc88f4258ad55f36b09702b35uXiAdsEiqJ6Ws9wJ-230.png Graphic file (type bmp)
<pic/NNs/8152e79cc88f4258ad55f36b09702b35uXiAdsEiqJ6Ws9wJ-230.png>
 <a0,fr230>
File: pic/NNs/8152e79cc88f4258ad55f36b09702b35uXiAdsEiqJ6Ws9wJ-231.png Graphic file (type bmp)
<pic/NNs/8152e79cc88f4258ad55f36b09702b35uXiAdsEiqJ6Ws9wJ-231.png>
 <a0,fr231>
File: pic/NNs/8152e79cc88f4258ad55f36b09702b35uXiAdsEiqJ6Ws9wJ-232.png Graphic file (type bmp)
<pic/NNs/8152e79cc88f4258ad55f36b09702b35uXiAdsEiqJ6Ws9wJ-232.png>
 <a0,fr232>
File: pic/NNs/8152e79cc88f4258ad55f36b09702b35uXiAdsEiqJ6Ws9wJ-233.png Graphic file (type bmp)
<pic/NNs/8152e79cc88f4258ad55f36b09702b35uXiAdsEiqJ6Ws9wJ-233.png>
 <a0,fr233>
File: pic/NNs/8152e79cc88f4258ad55f36b09702b35uXiAdsEiqJ6Ws9wJ-234.png Graphic file (type bmp)
<pic/NNs/8152e79cc88f4258ad55f36b09702b35uXiAdsEiqJ6Ws9wJ-234.png>
 <a0,fr234>
File: pic/NNs/8152e79cc88f4258ad55f36b09702b35uXiAdsEiqJ6Ws9wJ-235.png Graphic file (type bmp)
<pic/NNs/8152e79cc88f4258ad55f36b09702b35uXiAdsEiqJ6Ws9wJ-235.png>
 <a0,fr235>
File: pic/NNs/8152e79cc88f4258ad55f36b09702b35uXiAdsEiqJ6Ws9wJ-236.png Graphic file (type bmp)
<pic/NNs/8152e79cc88f4258ad55f36b09702b35uXiAdsEiqJ6Ws9wJ-236.png>
 <a0,fr236>
File: pic/NNs/8152e79cc88f4258ad55f36b09702b35uXiAdsEiqJ6Ws9wJ-237.png Graphic file (type bmp)
<pic/NNs/8152e79cc88f4258ad55f36b09702b35uXiAdsEiqJ6Ws9wJ-237.png>
 <a0,fr237>
File: pic/NNs/8152e79cc88f4258ad55f36b09702b35uXiAdsEiqJ6Ws9wJ-238.png Graphic file (type bmp)
<pic/NNs/8152e79cc88f4258ad55f36b09702b35uXiAdsEiqJ6Ws9wJ-238.png>
 <a0,fr238>
File: pic/NNs/8152e79cc88f4258ad55f36b09702b35uXiAdsEiqJ6Ws9wJ-239.png Graphic file (type bmp)
<pic/NNs/8152e79cc88f4258ad55f36b09702b35uXiAdsEiqJ6Ws9wJ-239.png>
 <a0,fr239>
File: pic/NNs/8152e79cc88f4258ad55f36b09702b35uXiAdsEiqJ6Ws9wJ-240.png Graphic file (type bmp)
<pic/NNs/8152e79cc88f4258ad55f36b09702b35uXiAdsEiqJ6Ws9wJ-240.png>
 <a0,fr240>
File: pic/NNs/8152e79cc88f4258ad55f36b09702b35uXiAdsEiqJ6Ws9wJ-241.png Graphic file (type bmp)
<pic/NNs/8152e79cc88f4258ad55f36b09702b35uXiAdsEiqJ6Ws9wJ-241.png>
 <a0,fr241>
File: pic/NNs/8152e79cc88f4258ad55f36b09702b35uXiAdsEiqJ6Ws9wJ-242.png Graphic file (type bmp)
<pic/NNs/8152e79cc88f4258ad55f36b09702b35uXiAdsEiqJ6Ws9wJ-242.png>
 <a0,fr242>
File: pic/NNs/8152e79cc88f4258ad55f36b09702b35uXiAdsEiqJ6Ws9wJ-243.png Graphic file (type bmp)
<pic/NNs/8152e79cc88f4258ad55f36b09702b35uXiAdsEiqJ6Ws9wJ-243.png>
 <a0,fr243>
File: pic/NNs/8152e79cc88f4258ad55f36b09702b35uXiAdsEiqJ6Ws9wJ-244.png Graphic file (type bmp)
<pic/NNs/8152e79cc88f4258ad55f36b09702b35uXiAdsEiqJ6Ws9wJ-244.png>
 <a0,fr244>
File: pic/NNs/8152e79cc88f4258ad55f36b09702b35uXiAdsEiqJ6Ws9wJ-245.png Graphic file (type bmp)
<pic/NNs/8152e79cc88f4258ad55f36b09702b35uXiAdsEiqJ6Ws9wJ-245.png>
 <a0,fr245>
File: pic/NNs/8152e79cc88f4258ad55f36b09702b35uXiAdsEiqJ6Ws9wJ-246.png Graphic file (type bmp)
<pic/NNs/8152e79cc88f4258ad55f36b09702b35uXiAdsEiqJ6Ws9wJ-246.png>
 <a0,fr246>
File: pic/NNs/8152e79cc88f4258ad55f36b09702b35uXiAdsEiqJ6Ws9wJ-247.png Graphic file (type bmp)
<pic/NNs/8152e79cc88f4258ad55f36b09702b35uXiAdsEiqJ6Ws9wJ-247.png>
 <a0,fr247>
File: pic/NNs/8152e79cc88f4258ad55f36b09702b35uXiAdsEiqJ6Ws9wJ-248.png Graphic file (type bmp)
<pic/NNs/8152e79cc88f4258ad55f36b09702b35uXiAdsEiqJ6Ws9wJ-248.png>
 <a0,fr248>
File: pic/NNs/8152e79cc88f4258ad55f36b09702b35uXiAdsEiqJ6Ws9wJ-249.png Graphic file (type bmp)
<pic/NNs/8152e79cc88f4258ad55f36b09702b35uXiAdsEiqJ6Ws9wJ-249.png>
 <a0,fr249>
File: pic/NNs/8152e79cc88f4258ad55f36b09702b35uXiAdsEiqJ6Ws9wJ-250.png Graphic file (type bmp)
<pic/NNs/8152e79cc88f4258ad55f36b09702b35uXiAdsEiqJ6Ws9wJ-250.png>
 <a0,fr250>
File: pic/NNs/8152e79cc88f4258ad55f36b09702b35uXiAdsEiqJ6Ws9wJ-251.png Graphic file (type bmp)
<pic/NNs/8152e79cc88f4258ad55f36b09702b35uXiAdsEiqJ6Ws9wJ-251.png>
 <a0,fr251>
File: pic/NNs/8152e79cc88f4258ad55f36b09702b35uXiAdsEiqJ6Ws9wJ-252.png Graphic file (type bmp)
<pic/NNs/8152e79cc88f4258ad55f36b09702b35uXiAdsEiqJ6Ws9wJ-252.png>
 <a0,fr252>
File: pic/NNs/8152e79cc88f4258ad55f36b09702b35uXiAdsEiqJ6Ws9wJ-253.png Graphic file (type bmp)
<pic/NNs/8152e79cc88f4258ad55f36b09702b35uXiAdsEiqJ6Ws9wJ-253.png>
 <a0,fr253>
File: pic/NNs/8152e79cc88f4258ad55f36b09702b35uXiAdsEiqJ6Ws9wJ-254.png Graphic file (type bmp)
<pic/NNs/8152e79cc88f4258ad55f36b09702b35uXiAdsEiqJ6Ws9wJ-254.png>
 <a0,fr254>
File: pic/NNs/8152e79cc88f4258ad55f36b09702b35uXiAdsEiqJ6Ws9wJ-255.png Graphic file (type bmp)
<pic/NNs/8152e79cc88f4258ad55f36b09702b35uXiAdsEiqJ6Ws9wJ-255.png>
 <a0,fr255>
File: pic/NNs/8152e79cc88f4258ad55f36b09702b35uXiAdsEiqJ6Ws9wJ-256.png Graphic file (type bmp)
<pic/NNs/8152e79cc88f4258ad55f36b09702b35uXiAdsEiqJ6Ws9wJ-256.png>
 <a0,fr256>
File: pic/NNs/8152e79cc88f4258ad55f36b09702b35uXiAdsEiqJ6Ws9wJ-257.png Graphic file (type bmp)
<pic/NNs/8152e79cc88f4258ad55f36b09702b35uXiAdsEiqJ6Ws9wJ-257.png>
 <a0,fr257>
File: pic/NNs/8152e79cc88f4258ad55f36b09702b35uXiAdsEiqJ6Ws9wJ-258.png Graphic file (type bmp)
<pic/NNs/8152e79cc88f4258ad55f36b09702b35uXiAdsEiqJ6Ws9wJ-258.png>
 <a0,fr258>
File: pic/NNs/8152e79cc88f4258ad55f36b09702b35uXiAdsEiqJ6Ws9wJ-259.png Graphic file (type bmp)
<pic/NNs/8152e79cc88f4258ad55f36b09702b35uXiAdsEiqJ6Ws9wJ-259.png>
 <a0,fr259>
File: pic/NNs/8152e79cc88f4258ad55f36b09702b35uXiAdsEiqJ6Ws9wJ-260.png Graphic file (type bmp)
<pic/NNs/8152e79cc88f4258ad55f36b09702b35uXiAdsEiqJ6Ws9wJ-260.png>
 <a0,fr260>
File: pic/NNs/8152e79cc88f4258ad55f36b09702b35uXiAdsEiqJ6Ws9wJ-261.png Graphic file (type bmp)
<pic/NNs/8152e79cc88f4258ad55f36b09702b35uXiAdsEiqJ6Ws9wJ-261.png>
 <a0,fr261>
File: pic/NNs/8152e79cc88f4258ad55f36b09702b35uXiAdsEiqJ6Ws9wJ-262.png Graphic file (type bmp)
<pic/NNs/8152e79cc88f4258ad55f36b09702b35uXiAdsEiqJ6Ws9wJ-262.png>
 <a0,fr262>
File: pic/NNs/8152e79cc88f4258ad55f36b09702b35uXiAdsEiqJ6Ws9wJ-263.png Graphic file (type bmp)
<pic/NNs/8152e79cc88f4258ad55f36b09702b35uXiAdsEiqJ6Ws9wJ-263.png>
 <a0,fr263>
File: pic/NNs/8152e79cc88f4258ad55f36b09702b35uXiAdsEiqJ6Ws9wJ-264.png Graphic file (type bmp)
<pic/NNs/8152e79cc88f4258ad55f36b09702b35uXiAdsEiqJ6Ws9wJ-264.png>
 <a0,fr264>
File: pic/NNs/8152e79cc88f4258ad55f36b09702b35uXiAdsEiqJ6Ws9wJ-265.png Graphic file (type bmp)
<pic/NNs/8152e79cc88f4258ad55f36b09702b35uXiAdsEiqJ6Ws9wJ-265.png>
 <a0,fr265>
File: pic/NNs/8152e79cc88f4258ad55f36b09702b35uXiAdsEiqJ6Ws9wJ-266.png Graphic file (type bmp)
<pic/NNs/8152e79cc88f4258ad55f36b09702b35uXiAdsEiqJ6Ws9wJ-266.png>
 <a0,fr266>
File: pic/NNs/8152e79cc88f4258ad55f36b09702b35uXiAdsEiqJ6Ws9wJ-267.png Graphic file (type bmp)
<pic/NNs/8152e79cc88f4258ad55f36b09702b35uXiAdsEiqJ6Ws9wJ-267.png>
 <a0,fr267>
File: pic/NNs/8152e79cc88f4258ad55f36b09702b35uXiAdsEiqJ6Ws9wJ-268.png Graphic file (type bmp)
<pic/NNs/8152e79cc88f4258ad55f36b09702b35uXiAdsEiqJ6Ws9wJ-268.png>
 <a0,fr268>
File: pic/NNs/8152e79cc88f4258ad55f36b09702b35uXiAdsEiqJ6Ws9wJ-269.png Graphic file (type bmp)
<pic/NNs/8152e79cc88f4258ad55f36b09702b35uXiAdsEiqJ6Ws9wJ-269.png>
 <a0,fr269>
File: pic/NNs/8152e79cc88f4258ad55f36b09702b35uXiAdsEiqJ6Ws9wJ-270.png Graphic file (type bmp)
<pic/NNs/8152e79cc88f4258ad55f36b09702b35uXiAdsEiqJ6Ws9wJ-270.png>
 <a0,fr270>
File: pic/NNs/8152e79cc88f4258ad55f36b09702b35uXiAdsEiqJ6Ws9wJ-271.png Graphic file (type bmp)
<pic/NNs/8152e79cc88f4258ad55f36b09702b35uXiAdsEiqJ6Ws9wJ-271.png>
 <a0,fr271>
File: pic/NNs/8152e79cc88f4258ad55f36b09702b35uXiAdsEiqJ6Ws9wJ-272.png Graphic file (type bmp)
<pic/NNs/8152e79cc88f4258ad55f36b09702b35uXiAdsEiqJ6Ws9wJ-272.png>
 <a0,fr272>
File: pic/NNs/8152e79cc88f4258ad55f36b09702b35uXiAdsEiqJ6Ws9wJ-273.png Graphic file (type bmp)
<pic/NNs/8152e79cc88f4258ad55f36b09702b35uXiAdsEiqJ6Ws9wJ-273.png>
 <a0,fr273>
File: pic/NNs/8152e79cc88f4258ad55f36b09702b35uXiAdsEiqJ6Ws9wJ-274.png Graphic file (type bmp)
<pic/NNs/8152e79cc88f4258ad55f36b09702b35uXiAdsEiqJ6Ws9wJ-274.png>
 <a0,fr274>
File: pic/NNs/8152e79cc88f4258ad55f36b09702b35uXiAdsEiqJ6Ws9wJ-275.png Graphic file (type bmp)
<pic/NNs/8152e79cc88f4258ad55f36b09702b35uXiAdsEiqJ6Ws9wJ-275.png>
 <a0,fr275>
File: pic/NNs/8152e79cc88f4258ad55f36b09702b35uXiAdsEiqJ6Ws9wJ-276.png Graphic file (type bmp)
<pic/NNs/8152e79cc88f4258ad55f36b09702b35uXiAdsEiqJ6Ws9wJ-276.png>
 <a0,fr276>
File: pic/NNs/8152e79cc88f4258ad55f36b09702b35uXiAdsEiqJ6Ws9wJ-277.png Graphic file (type bmp)
<pic/NNs/8152e79cc88f4258ad55f36b09702b35uXiAdsEiqJ6Ws9wJ-277.png>
 <a0,fr277>
File: pic/NNs/8152e79cc88f4258ad55f36b09702b35uXiAdsEiqJ6Ws9wJ-278.png Graphic file (type bmp)
<pic/NNs/8152e79cc88f4258ad55f36b09702b35uXiAdsEiqJ6Ws9wJ-278.png>
 <a0,fr278>
File: pic/NNs/8152e79cc88f4258ad55f36b09702b35uXiAdsEiqJ6Ws9wJ-279.png Graphic file (type bmp)
<pic/NNs/8152e79cc88f4258ad55f36b09702b35uXiAdsEiqJ6Ws9wJ-279.png>
 <a0,fr279>
File: pic/NNs/8152e79cc88f4258ad55f36b09702b35uXiAdsEiqJ6Ws9wJ-280.png Graphic file (type bmp)
<pic/NNs/8152e79cc88f4258ad55f36b09702b35uXiAdsEiqJ6Ws9wJ-280.png>
 <a0,fr280>
File: pic/NNs/8152e79cc88f4258ad55f36b09702b35uXiAdsEiqJ6Ws9wJ-281.png Graphic file (type bmp)
<pic/NNs/8152e79cc88f4258ad55f36b09702b35uXiAdsEiqJ6Ws9wJ-281.png>
 <a0,fr281>
File: pic/NNs/8152e79cc88f4258ad55f36b09702b35uXiAdsEiqJ6Ws9wJ-282.png Graphic file (type bmp)
<pic/NNs/8152e79cc88f4258ad55f36b09702b35uXiAdsEiqJ6Ws9wJ-282.png>
 <a0,fr282>
File: pic/NNs/8152e79cc88f4258ad55f36b09702b35uXiAdsEiqJ6Ws9wJ-283.png Graphic file (type bmp)
<pic/NNs/8152e79cc88f4258ad55f36b09702b35uXiAdsEiqJ6Ws9wJ-283.png>
 <a0,fr283>
File: pic/NNs/8152e79cc88f4258ad55f36b09702b35uXiAdsEiqJ6Ws9wJ-284.png Graphic file (type bmp)
<pic/NNs/8152e79cc88f4258ad55f36b09702b35uXiAdsEiqJ6Ws9wJ-284.png>
 <a0,fr284>
File: pic/NNs/8152e79cc88f4258ad55f36b09702b35uXiAdsEiqJ6Ws9wJ-285.png Graphic file (type bmp)
<pic/NNs/8152e79cc88f4258ad55f36b09702b35uXiAdsEiqJ6Ws9wJ-285.png>
 <a0,fr285>
File: pic/NNs/8152e79cc88f4258ad55f36b09702b35uXiAdsEiqJ6Ws9wJ-286.png Graphic file (type bmp)
<pic/NNs/8152e79cc88f4258ad55f36b09702b35uXiAdsEiqJ6Ws9wJ-286.png>
 <a0,fr286>
File: pic/NNs/8152e79cc88f4258ad55f36b09702b35uXiAdsEiqJ6Ws9wJ-287.png Graphic file (type bmp)
<pic/NNs/8152e79cc88f4258ad55f36b09702b35uXiAdsEiqJ6Ws9wJ-287.png>
 <a0,fr287>
File: pic/NNs/8152e79cc88f4258ad55f36b09702b35uXiAdsEiqJ6Ws9wJ-288.png Graphic file (type bmp)
<pic/NNs/8152e79cc88f4258ad55f36b09702b35uXiAdsEiqJ6Ws9wJ-288.png>
 <a0,fr288>
File: pic/NNs/8152e79cc88f4258ad55f36b09702b35uXiAdsEiqJ6Ws9wJ-289.png Graphic file (type bmp)
<pic/NNs/8152e79cc88f4258ad55f36b09702b35uXiAdsEiqJ6Ws9wJ-289.png>
 <a0,fr289>
File: pic/NNs/8152e79cc88f4258ad55f36b09702b35uXiAdsEiqJ6Ws9wJ-290.png Graphic file (type bmp)
<pic/NNs/8152e79cc88f4258ad55f36b09702b35uXiAdsEiqJ6Ws9wJ-290.png>
 <a0,fr290>
File: pic/NNs/8152e79cc88f4258ad55f36b09702b35uXiAdsEiqJ6Ws9wJ-291.png Graphic file (type bmp)
<pic/NNs/8152e79cc88f4258ad55f36b09702b35uXiAdsEiqJ6Ws9wJ-291.png>
 <a0,fr291>
File: pic/NNs/8152e79cc88f4258ad55f36b09702b35uXiAdsEiqJ6Ws9wJ-292.png Graphic file (type bmp)
<pic/NNs/8152e79cc88f4258ad55f36b09702b35uXiAdsEiqJ6Ws9wJ-292.png>
 <a0,fr292>
File: pic/NNs/8152e79cc88f4258ad55f36b09702b35uXiAdsEiqJ6Ws9wJ-293.png Graphic file (type bmp)
<pic/NNs/8152e79cc88f4258ad55f36b09702b35uXiAdsEiqJ6Ws9wJ-293.png>
 <a0,fr293>
File: pic/NNs/8152e79cc88f4258ad55f36b09702b35uXiAdsEiqJ6Ws9wJ-294.png Graphic file (type bmp)
<pic/NNs/8152e79cc88f4258ad55f36b09702b35uXiAdsEiqJ6Ws9wJ-294.png>
 <a0,fr294>
File: pic/NNs/8152e79cc88f4258ad55f36b09702b35uXiAdsEiqJ6Ws9wJ-295.png Graphic file (type bmp)
<pic/NNs/8152e79cc88f4258ad55f36b09702b35uXiAdsEiqJ6Ws9wJ-295.png>
 <a0,fr295>
File: pic/NNs/8152e79cc88f4258ad55f36b09702b35uXiAdsEiqJ6Ws9wJ-296.png Graphic file (type bmp)
<pic/NNs/8152e79cc88f4258ad55f36b09702b35uXiAdsEiqJ6Ws9wJ-296.png>
 <a0,fr296>
File: pic/NNs/8152e79cc88f4258ad55f36b09702b35uXiAdsEiqJ6Ws9wJ-297.png Graphic file (type bmp)
<pic/NNs/8152e79cc88f4258ad55f36b09702b35uXiAdsEiqJ6Ws9wJ-297.png>
 <a0,fr297>
File: pic/NNs/8152e79cc88f4258ad55f36b09702b35uXiAdsEiqJ6Ws9wJ-298.png Graphic file (type bmp)
<pic/NNs/8152e79cc88f4258ad55f36b09702b35uXiAdsEiqJ6Ws9wJ-298.png>
 <a0,fr298>
File: pic/NNs/8152e79cc88f4258ad55f36b09702b35uXiAdsEiqJ6Ws9wJ-299.png Graphic file (type bmp)
<pic/NNs/8152e79cc88f4258ad55f36b09702b35uXiAdsEiqJ6Ws9wJ-299.png>
 <a0,fr299>
File: pic/NNs/8152e79cc88f4258ad55f36b09702b35uXiAdsEiqJ6Ws9wJ-300.png Graphic file (type bmp)
<pic/NNs/8152e79cc88f4258ad55f36b09702b35uXiAdsEiqJ6Ws9wJ-300.png>
 <a0,fr300>
File: pic/NNs/8152e79cc88f4258ad55f36b09702b35uXiAdsEiqJ6Ws9wJ-301.png Graphic file (type bmp)
<pic/NNs/8152e79cc88f4258ad55f36b09702b35uXiAdsEiqJ6Ws9wJ-301.png>
 <a0,fr301>
File: pic/NNs/8152e79cc88f4258ad55f36b09702b35uXiAdsEiqJ6Ws9wJ-302.png Graphic file (type bmp)
<pic/NNs/8152e79cc88f4258ad55f36b09702b35uXiAdsEiqJ6Ws9wJ-302.png>
 <a0,fr302>
File: pic/NNs/8152e79cc88f4258ad55f36b09702b35uXiAdsEiqJ6Ws9wJ-303.png Graphic file (type bmp)
<pic/NNs/8152e79cc88f4258ad55f36b09702b35uXiAdsEiqJ6Ws9wJ-303.png>
 <a0,fr303>
File: pic/NNs/8152e79cc88f4258ad55f36b09702b35uXiAdsEiqJ6Ws9wJ-304.png Graphic file (type bmp)
<pic/NNs/8152e79cc88f4258ad55f36b09702b35uXiAdsEiqJ6Ws9wJ-304.png>
 <a0,fr304>
File: pic/NNs/8152e79cc88f4258ad55f36b09702b35uXiAdsEiqJ6Ws9wJ-305.png Graphic file (type bmp)
<pic/NNs/8152e79cc88f4258ad55f36b09702b35uXiAdsEiqJ6Ws9wJ-305.png>
 <a0,fr305>
File: pic/NNs/8152e79cc88f4258ad55f36b09702b35uXiAdsEiqJ6Ws9wJ-306.png Graphic file (type bmp)
<pic/NNs/8152e79cc88f4258ad55f36b09702b35uXiAdsEiqJ6Ws9wJ-306.png>
 <a0,fr306>
File: pic/NNs/8152e79cc88f4258ad55f36b09702b35uXiAdsEiqJ6Ws9wJ-307.png Graphic file (type bmp)
<pic/NNs/8152e79cc88f4258ad55f36b09702b35uXiAdsEiqJ6Ws9wJ-307.png>
 <a0,fr307>
File: pic/NNs/8152e79cc88f4258ad55f36b09702b35uXiAdsEiqJ6Ws9wJ-308.png Graphic file (type bmp)
<pic/NNs/8152e79cc88f4258ad55f36b09702b35uXiAdsEiqJ6Ws9wJ-308.png>
 <a0,fr308>
File: pic/NNs/8152e79cc88f4258ad55f36b09702b35uXiAdsEiqJ6Ws9wJ-309.png Graphic file (type bmp)
<pic/NNs/8152e79cc88f4258ad55f36b09702b35uXiAdsEiqJ6Ws9wJ-309.png>
 <a0,fr309>
File: pic/NNs/8152e79cc88f4258ad55f36b09702b35uXiAdsEiqJ6Ws9wJ-310.png Graphic file (type bmp)
<pic/NNs/8152e79cc88f4258ad55f36b09702b35uXiAdsEiqJ6Ws9wJ-310.png>
 <a0,fr310>
File: pic/NNs/8152e79cc88f4258ad55f36b09702b35uXiAdsEiqJ6Ws9wJ-311.png Graphic file (type bmp)
<pic/NNs/8152e79cc88f4258ad55f36b09702b35uXiAdsEiqJ6Ws9wJ-311.png>
 <a0,fr311>
File: pic/NNs/8152e79cc88f4258ad55f36b09702b35uXiAdsEiqJ6Ws9wJ-312.png Graphic file (type bmp)
<pic/NNs/8152e79cc88f4258ad55f36b09702b35uXiAdsEiqJ6Ws9wJ-312.png>
 <a0,fr312>
File: pic/NNs/8152e79cc88f4258ad55f36b09702b35uXiAdsEiqJ6Ws9wJ-313.png Graphic file (type bmp)
<pic/NNs/8152e79cc88f4258ad55f36b09702b35uXiAdsEiqJ6Ws9wJ-313.png>
 <a0,fr313>
File: pic/NNs/8152e79cc88f4258ad55f36b09702b35uXiAdsEiqJ6Ws9wJ-314.png Graphic file (type bmp)
<pic/NNs/8152e79cc88f4258ad55f36b09702b35uXiAdsEiqJ6Ws9wJ-314.png>
 <a0,fr314>
File: pic/NNs/8152e79cc88f4258ad55f36b09702b35uXiAdsEiqJ6Ws9wJ-315.png Graphic file (type bmp)
<pic/NNs/8152e79cc88f4258ad55f36b09702b35uXiAdsEiqJ6Ws9wJ-315.png>
 <a0,fr315>
File: pic/NNs/8152e79cc88f4258ad55f36b09702b35uXiAdsEiqJ6Ws9wJ-316.png Graphic file (type bmp)
<pic/NNs/8152e79cc88f4258ad55f36b09702b35uXiAdsEiqJ6Ws9wJ-316.png>
 <a0,fr316>
File: pic/NNs/8152e79cc88f4258ad55f36b09702b35uXiAdsEiqJ6Ws9wJ-317.png Graphic file (type bmp)
<pic/NNs/8152e79cc88f4258ad55f36b09702b35uXiAdsEiqJ6Ws9wJ-317.png>
 <a0,fr317>
File: pic/NNs/8152e79cc88f4258ad55f36b09702b35uXiAdsEiqJ6Ws9wJ-318.png Graphic file (type bmp)
<pic/NNs/8152e79cc88f4258ad55f36b09702b35uXiAdsEiqJ6Ws9wJ-318.png>
 <a0,fr318>
File: pic/NNs/8152e79cc88f4258ad55f36b09702b35uXiAdsEiqJ6Ws9wJ-319.png Graphic file (type bmp)
<pic/NNs/8152e79cc88f4258ad55f36b09702b35uXiAdsEiqJ6Ws9wJ-319.png>
 <a0,fr319>
File: pic/NNs/8152e79cc88f4258ad55f36b09702b35uXiAdsEiqJ6Ws9wJ-320.png Graphic file (type bmp)
<pic/NNs/8152e79cc88f4258ad55f36b09702b35uXiAdsEiqJ6Ws9wJ-320.png>
 <a0,fr320>
File: pic/NNs/8152e79cc88f4258ad55f36b09702b35uXiAdsEiqJ6Ws9wJ-321.png Graphic file (type bmp)
<pic/NNs/8152e79cc88f4258ad55f36b09702b35uXiAdsEiqJ6Ws9wJ-321.png>
 <a0,fr321>
File: pic/NNs/8152e79cc88f4258ad55f36b09702b35uXiAdsEiqJ6Ws9wJ-322.png Graphic file (type bmp)
<pic/NNs/8152e79cc88f4258ad55f36b09702b35uXiAdsEiqJ6Ws9wJ-322.png>
 <a0,fr322>
File: pic/NNs/8152e79cc88f4258ad55f36b09702b35uXiAdsEiqJ6Ws9wJ-323.png Graphic file (type bmp)
<pic/NNs/8152e79cc88f4258ad55f36b09702b35uXiAdsEiqJ6Ws9wJ-323.png>
 <a0,fr323>
File: pic/NNs/8152e79cc88f4258ad55f36b09702b35uXiAdsEiqJ6Ws9wJ-324.png Graphic file (type bmp)
<pic/NNs/8152e79cc88f4258ad55f36b09702b35uXiAdsEiqJ6Ws9wJ-324.png>
 <a0,fr324>
File: pic/NNs/8152e79cc88f4258ad55f36b09702b35uXiAdsEiqJ6Ws9wJ-325.png Graphic file (type bmp)
<pic/NNs/8152e79cc88f4258ad55f36b09702b35uXiAdsEiqJ6Ws9wJ-325.png>
 <a0,fr325>
File: pic/NNs/8152e79cc88f4258ad55f36b09702b35uXiAdsEiqJ6Ws9wJ-326.png Graphic file (type bmp)
<pic/NNs/8152e79cc88f4258ad55f36b09702b35uXiAdsEiqJ6Ws9wJ-326.png>
 <a0,fr326>
File: pic/NNs/8152e79cc88f4258ad55f36b09702b35uXiAdsEiqJ6Ws9wJ-327.png Graphic file (type bmp)
<pic/NNs/8152e79cc88f4258ad55f36b09702b35uXiAdsEiqJ6Ws9wJ-327.png>
 <a0,fr327>
File: pic/NNs/8152e79cc88f4258ad55f36b09702b35uXiAdsEiqJ6Ws9wJ-328.png Graphic file (type bmp)
<pic/NNs/8152e79cc88f4258ad55f36b09702b35uXiAdsEiqJ6Ws9wJ-328.png>
 <a0,fr328>
File: pic/NNs/8152e79cc88f4258ad55f36b09702b35uXiAdsEiqJ6Ws9wJ-329.png Graphic file (type bmp)
<pic/NNs/8152e79cc88f4258ad55f36b09702b35uXiAdsEiqJ6Ws9wJ-329.png>
 <a0,fr329>
File: pic/NNs/8152e79cc88f4258ad55f36b09702b35uXiAdsEiqJ6Ws9wJ-330.png Graphic file (type bmp)
<pic/NNs/8152e79cc88f4258ad55f36b09702b35uXiAdsEiqJ6Ws9wJ-330.png>
 <a0,fr330>
File: pic/NNs/8152e79cc88f4258ad55f36b09702b35uXiAdsEiqJ6Ws9wJ-331.png Graphic file (type bmp)
<pic/NNs/8152e79cc88f4258ad55f36b09702b35uXiAdsEiqJ6Ws9wJ-331.png>
 <a0,fr331>
File: pic/NNs/8152e79cc88f4258ad55f36b09702b35uXiAdsEiqJ6Ws9wJ-332.png Graphic file (type bmp)
<pic/NNs/8152e79cc88f4258ad55f36b09702b35uXiAdsEiqJ6Ws9wJ-332.png>
 <a0,fr332>
File: pic/NNs/8152e79cc88f4258ad55f36b09702b35uXiAdsEiqJ6Ws9wJ-333.png Graphic file (type bmp)
<pic/NNs/8152e79cc88f4258ad55f36b09702b35uXiAdsEiqJ6Ws9wJ-333.png>
 <a0,fr333>
File: pic/NNs/8152e79cc88f4258ad55f36b09702b35uXiAdsEiqJ6Ws9wJ-334.png Graphic file (type bmp)
<pic/NNs/8152e79cc88f4258ad55f36b09702b35uXiAdsEiqJ6Ws9wJ-334.png>
 <a0,fr334>
File: pic/NNs/8152e79cc88f4258ad55f36b09702b35uXiAdsEiqJ6Ws9wJ-335.png Graphic file (type bmp)
<pic/NNs/8152e79cc88f4258ad55f36b09702b35uXiAdsEiqJ6Ws9wJ-335.png>
 <a0,fr335>
File: pic/NNs/8152e79cc88f4258ad55f36b09702b35uXiAdsEiqJ6Ws9wJ-336.png Graphic file (type bmp)
<pic/NNs/8152e79cc88f4258ad55f36b09702b35uXiAdsEiqJ6Ws9wJ-336.png>
 <a0,fr336>
File: pic/NNs/8152e79cc88f4258ad55f36b09702b35uXiAdsEiqJ6Ws9wJ-337.png Graphic file (type bmp)
<pic/NNs/8152e79cc88f4258ad55f36b09702b35uXiAdsEiqJ6Ws9wJ-337.png>
 <a0,fr337>
File: pic/NNs/8152e79cc88f4258ad55f36b09702b35uXiAdsEiqJ6Ws9wJ-338.png Graphic file (type bmp)
<pic/NNs/8152e79cc88f4258ad55f36b09702b35uXiAdsEiqJ6Ws9wJ-338.png>
 <a0,fr338>
File: pic/NNs/8152e79cc88f4258ad55f36b09702b35uXiAdsEiqJ6Ws9wJ-339.png Graphic file (type bmp)
<pic/NNs/8152e79cc88f4258ad55f36b09702b35uXiAdsEiqJ6Ws9wJ-339.png>
 <a0,fr339>
File: pic/NNs/8152e79cc88f4258ad55f36b09702b35uXiAdsEiqJ6Ws9wJ-340.png Graphic file (type bmp)
<pic/NNs/8152e79cc88f4258ad55f36b09702b35uXiAdsEiqJ6Ws9wJ-340.png>
 <a0,fr340>
File: pic/NNs/8152e79cc88f4258ad55f36b09702b35uXiAdsEiqJ6Ws9wJ-341.png Graphic file (type bmp)
<pic/NNs/8152e79cc88f4258ad55f36b09702b35uXiAdsEiqJ6Ws9wJ-341.png>
 <a0,fr341>
File: pic/NNs/8152e79cc88f4258ad55f36b09702b35uXiAdsEiqJ6Ws9wJ-342.png Graphic file (type bmp)
<pic/NNs/8152e79cc88f4258ad55f36b09702b35uXiAdsEiqJ6Ws9wJ-342.png>
 <a0,fr342>
File: pic/NNs/8152e79cc88f4258ad55f36b09702b35uXiAdsEiqJ6Ws9wJ-343.png Graphic file (type bmp)
<pic/NNs/8152e79cc88f4258ad55f36b09702b35uXiAdsEiqJ6Ws9wJ-343.png>
 <a0,fr343>
File: pic/NNs/8152e79cc88f4258ad55f36b09702b35uXiAdsEiqJ6Ws9wJ-344.png Graphic file (type bmp)
<pic/NNs/8152e79cc88f4258ad55f36b09702b35uXiAdsEiqJ6Ws9wJ-344.png>
 <a0,fr344>
File: pic/NNs/8152e79cc88f4258ad55f36b09702b35uXiAdsEiqJ6Ws9wJ-345.png Graphic file (type bmp)
<pic/NNs/8152e79cc88f4258ad55f36b09702b35uXiAdsEiqJ6Ws9wJ-345.png>
 <a0,fr345>
File: pic/NNs/8152e79cc88f4258ad55f36b09702b35uXiAdsEiqJ6Ws9wJ-346.png Graphic file (type bmp)
<pic/NNs/8152e79cc88f4258ad55f36b09702b35uXiAdsEiqJ6Ws9wJ-346.png>
 <a0,fr346>
File: pic/NNs/8152e79cc88f4258ad55f36b09702b35uXiAdsEiqJ6Ws9wJ-347.png Graphic file (type bmp)
<pic/NNs/8152e79cc88f4258ad55f36b09702b35uXiAdsEiqJ6Ws9wJ-347.png>
 <a0,fr347>
File: pic/NNs/8152e79cc88f4258ad55f36b09702b35uXiAdsEiqJ6Ws9wJ-348.png Graphic file (type bmp)
<pic/NNs/8152e79cc88f4258ad55f36b09702b35uXiAdsEiqJ6Ws9wJ-348.png>
 <a0,fr348>
File: pic/NNs/8152e79cc88f4258ad55f36b09702b35uXiAdsEiqJ6Ws9wJ-349.png Graphic file (type bmp)
<pic/NNs/8152e79cc88f4258ad55f36b09702b35uXiAdsEiqJ6Ws9wJ-349.png>
 <a0,fr349>
File: pic/NNs/8152e79cc88f4258ad55f36b09702b35uXiAdsEiqJ6Ws9wJ-350.png Graphic file (type bmp)
<pic/NNs/8152e79cc88f4258ad55f36b09702b35uXiAdsEiqJ6Ws9wJ-350.png>
 <a0,fr350>
File: pic/NNs/8152e79cc88f4258ad55f36b09702b35uXiAdsEiqJ6Ws9wJ-351.png Graphic file (type bmp)
<pic/NNs/8152e79cc88f4258ad55f36b09702b35uXiAdsEiqJ6Ws9wJ-351.png>
 <a0,fr351>
File: pic/NNs/8152e79cc88f4258ad55f36b09702b35uXiAdsEiqJ6Ws9wJ-352.png Graphic file (type bmp)
<pic/NNs/8152e79cc88f4258ad55f36b09702b35uXiAdsEiqJ6Ws9wJ-352.png>
 <a0,fr352>
File: pic/NNs/8152e79cc88f4258ad55f36b09702b35uXiAdsEiqJ6Ws9wJ-353.png Graphic file (type bmp)
<pic/NNs/8152e79cc88f4258ad55f36b09702b35uXiAdsEiqJ6Ws9wJ-353.png>
 <a0,fr353>
File: pic/NNs/8152e79cc88f4258ad55f36b09702b35uXiAdsEiqJ6Ws9wJ-354.png Graphic file (type bmp)
<pic/NNs/8152e79cc88f4258ad55f36b09702b35uXiAdsEiqJ6Ws9wJ-354.png>
 <a0,fr354>
File: pic/NNs/8152e79cc88f4258ad55f36b09702b35uXiAdsEiqJ6Ws9wJ-355.png Graphic file (type bmp)
<pic/NNs/8152e79cc88f4258ad55f36b09702b35uXiAdsEiqJ6Ws9wJ-355.png>
 <a0,fr355>
File: pic/NNs/8152e79cc88f4258ad55f36b09702b35uXiAdsEiqJ6Ws9wJ-356.png Graphic file (type bmp)
<pic/NNs/8152e79cc88f4258ad55f36b09702b35uXiAdsEiqJ6Ws9wJ-356.png>
 <a0,fr356>
File: pic/NNs/8152e79cc88f4258ad55f36b09702b35uXiAdsEiqJ6Ws9wJ-357.png Graphic file (type bmp)
<pic/NNs/8152e79cc88f4258ad55f36b09702b35uXiAdsEiqJ6Ws9wJ-357.png>
 <a0,fr357>
File: pic/NNs/8152e79cc88f4258ad55f36b09702b35uXiAdsEiqJ6Ws9wJ-358.png Graphic file (type bmp)
<pic/NNs/8152e79cc88f4258ad55f36b09702b35uXiAdsEiqJ6Ws9wJ-358.png>
 <a0,fr358>
File: pic/NNs/8152e79cc88f4258ad55f36b09702b35uXiAdsEiqJ6Ws9wJ-359.png Graphic file (type bmp)
<pic/NNs/8152e79cc88f4258ad55f36b09702b35uXiAdsEiqJ6Ws9wJ-359.png>
 <a0,fr359>
File: pic/NNs/8152e79cc88f4258ad55f36b09702b35uXiAdsEiqJ6Ws9wJ-360.png Graphic file (type bmp)
<pic/NNs/8152e79cc88f4258ad55f36b09702b35uXiAdsEiqJ6Ws9wJ-360.png>
 <a0,fr360>
File: pic/NNs/8152e79cc88f4258ad55f36b09702b35uXiAdsEiqJ6Ws9wJ-361.png Graphic file (type bmp)
<pic/NNs/8152e79cc88f4258ad55f36b09702b35uXiAdsEiqJ6Ws9wJ-361.png>
 <a0,fr361>
File: pic/NNs/8152e79cc88f4258ad55f36b09702b35uXiAdsEiqJ6Ws9wJ-362.png Graphic file (type bmp)
<pic/NNs/8152e79cc88f4258ad55f36b09702b35uXiAdsEiqJ6Ws9wJ-362.png>
 <a0,fr362>
File: pic/NNs/8152e79cc88f4258ad55f36b09702b35uXiAdsEiqJ6Ws9wJ-363.png Graphic file (type bmp)
<pic/NNs/8152e79cc88f4258ad55f36b09702b35uXiAdsEiqJ6Ws9wJ-363.png>
 <a0,fr363>
File: pic/NNs/8152e79cc88f4258ad55f36b09702b35uXiAdsEiqJ6Ws9wJ-364.png Graphic file (type bmp)
<pic/NNs/8152e79cc88f4258ad55f36b09702b35uXiAdsEiqJ6Ws9wJ-364.png>
 <a0,fr364>
File: pic/NNs/8152e79cc88f4258ad55f36b09702b35uXiAdsEiqJ6Ws9wJ-365.png Graphic file (type bmp)
<pic/NNs/8152e79cc88f4258ad55f36b09702b35uXiAdsEiqJ6Ws9wJ-365.png>
 <a0,fr365>
File: pic/NNs/8152e79cc88f4258ad55f36b09702b35uXiAdsEiqJ6Ws9wJ-366.png Graphic file (type bmp)
<pic/NNs/8152e79cc88f4258ad55f36b09702b35uXiAdsEiqJ6Ws9wJ-366.png>
 <a0,fr366>
File: pic/NNs/8152e79cc88f4258ad55f36b09702b35uXiAdsEiqJ6Ws9wJ-367.png Graphic file (type bmp)
<pic/NNs/8152e79cc88f4258ad55f36b09702b35uXiAdsEiqJ6Ws9wJ-367.png>
 <a0,fr367>
File: pic/NNs/8152e79cc88f4258ad55f36b09702b35uXiAdsEiqJ6Ws9wJ-368.png Graphic file (type bmp)
<pic/NNs/8152e79cc88f4258ad55f36b09702b35uXiAdsEiqJ6Ws9wJ-368.png>
 <a0,fr368>
File: pic/NNs/8152e79cc88f4258ad55f36b09702b35uXiAdsEiqJ6Ws9wJ-369.png Graphic file (type bmp)
<pic/NNs/8152e79cc88f4258ad55f36b09702b35uXiAdsEiqJ6Ws9wJ-369.png>
 <a0,fr369>
File: pic/NNs/8152e79cc88f4258ad55f36b09702b35uXiAdsEiqJ6Ws9wJ-370.png Graphic file (type bmp)
<pic/NNs/8152e79cc88f4258ad55f36b09702b35uXiAdsEiqJ6Ws9wJ-370.png>
 <a0,fr370>
File: pic/NNs/8152e79cc88f4258ad55f36b09702b35uXiAdsEiqJ6Ws9wJ-371.png Graphic file (type bmp)
<pic/NNs/8152e79cc88f4258ad55f36b09702b35uXiAdsEiqJ6Ws9wJ-371.png>
 <a0,fr371>
File: pic/NNs/8152e79cc88f4258ad55f36b09702b35uXiAdsEiqJ6Ws9wJ-372.png Graphic file (type bmp)
<pic/NNs/8152e79cc88f4258ad55f36b09702b35uXiAdsEiqJ6Ws9wJ-372.png>
 <a0,fr372>
File: pic/NNs/8152e79cc88f4258ad55f36b09702b35uXiAdsEiqJ6Ws9wJ-373.png Graphic file (type bmp)
<pic/NNs/8152e79cc88f4258ad55f36b09702b35uXiAdsEiqJ6Ws9wJ-373.png>
 <a0,fr373>
File: pic/NNs/8152e79cc88f4258ad55f36b09702b35uXiAdsEiqJ6Ws9wJ-374.png Graphic file (type bmp)
<pic/NNs/8152e79cc88f4258ad55f36b09702b35uXiAdsEiqJ6Ws9wJ-374.png>
 <a0,fr374> [34

]
File: pic/neural_networks.png Graphic file (type bmp)
<pic/neural_networks.png>

Overfull \vbox (2.40712pt too high) detected at line 901
 []

[35

]
File: pic/network-propagation/network-propagation_0.png Graphic file (type bmp)
<pic/network-propagation/network-propagation_0.png>
 <a1,fr0>
File: pic/network-propagation/network-propagation_1.png Graphic file (type bmp)
<pic/network-propagation/network-propagation_1.png>
 <a1,fr1>
File: pic/network-propagation/network-propagation_2.png Graphic file (type bmp)
<pic/network-propagation/network-propagation_2.png>
 <a1,fr2>
File: pic/network-propagation/network-propagation_3.png Graphic file (type bmp)
<pic/network-propagation/network-propagation_3.png>
 <a1,fr3>
File: pic/network-propagation/network-propagation_4.png Graphic file (type bmp)
<pic/network-propagation/network-propagation_4.png>
 <a1,fr4>
File: pic/network-propagation/network-propagation_5.png Graphic file (type bmp)
<pic/network-propagation/network-propagation_5.png>
 <a1,fr5>
File: pic/network-propagation/network-propagation_6.png Graphic file (type bmp)
<pic/network-propagation/network-propagation_6.png>
 <a1,fr6>
File: pic/network-propagation/network-propagation_7.png Graphic file (type bmp)
<pic/network-propagation/network-propagation_7.png>
 <a1,fr7>
File: pic/network-propagation/network-propagation_8.png Graphic file (type bmp)
<pic/network-propagation/network-propagation_8.png>
 <a1,fr8>
File: pic/network-propagation/network-propagation_9.png Graphic file (type bmp)
<pic/network-propagation/network-propagation_9.png>
 <a1,fr9>
File: pic/network-propagation/network-propagation_10.png Graphic file (type bmp)
<pic/network-propagation/network-propagation_10.png>
 <a1,fr10>
File: pic/network-propagation/network-propagation_11.png Graphic file (type bmp)
<pic/network-propagation/network-propagation_11.png>
 <a1,fr11>
File: pic/network-propagation/network-propagation_12.png Graphic file (type bmp)
<pic/network-propagation/network-propagation_12.png>
 <a1,fr12>
File: pic/network-propagation/network-propagation_13.png Graphic file (type bmp)
<pic/network-propagation/network-propagation_13.png>
 <a1,fr13>
File: pic/network-propagation/network-propagation_14.png Graphic file (type bmp)
<pic/network-propagation/network-propagation_14.png>
 <a1,fr14>
File: pic/network-propagation/network-propagation_15.png Graphic file (type bmp)
<pic/network-propagation/network-propagation_15.png>
 <a1,fr15>
File: pic/network-propagation/network-propagation_16.png Graphic file (type bmp)
<pic/network-propagation/network-propagation_16.png>
 <a1,fr16>
File: pic/network-propagation/network-propagation_17.png Graphic file (type bmp)
<pic/network-propagation/network-propagation_17.png>
 <a1,fr17>
File: pic/network-propagation/network-propagation_18.png Graphic file (type bmp)
<pic/network-propagation/network-propagation_18.png>
 <a1,fr18>
File: pic/network-propagation/network-propagation_19.png Graphic file (type bmp)
<pic/network-propagation/network-propagation_19.png>
 <a1,fr19>
File: pic/network-propagation/network-propagation_20.png Graphic file (type bmp)
<pic/network-propagation/network-propagation_20.png>
 <a1,fr20>
File: pic/network-propagation/network-propagation_21.png Graphic file (type bmp)
<pic/network-propagation/network-propagation_21.png>
 <a1,fr21>
File: pic/network-propagation/network-propagation_22.png Graphic file (type bmp)
<pic/network-propagation/network-propagation_22.png>
 <a1,fr22>
File: pic/network-propagation/network-propagation_23.png Graphic file (type bmp)
<pic/network-propagation/network-propagation_23.png>
 <a1,fr23>
File: pic/network-propagation/network-propagation_24.png Graphic file (type bmp)
<pic/network-propagation/network-propagation_24.png>
 <a1,fr24>
File: pic/network-propagation/network-propagation_25.png Graphic file (type bmp)
<pic/network-propagation/network-propagation_25.png>
 <a1,fr25>
File: pic/network-propagation/network-propagation_26.png Graphic file (type bmp)
<pic/network-propagation/network-propagation_26.png>
 <a1,fr26>
File: pic/network-propagation/network-propagation_27.png Graphic file (type bmp)
<pic/network-propagation/network-propagation_27.png>
 <a1,fr27>
File: pic/network-propagation/network-propagation_28.png Graphic file (type bmp)
<pic/network-propagation/network-propagation_28.png>
 <a1,fr28>
File: pic/network-propagation/network-propagation_29.png Graphic file (type bmp)
<pic/network-propagation/network-propagation_29.png>
 <a1,fr29>
File: pic/network-propagation/network-propagation_30.png Graphic file (type bmp)
<pic/network-propagation/network-propagation_30.png>
 <a1,fr30>
File: pic/network-propagation/network-propagation_31.png Graphic file (type bmp)
<pic/network-propagation/network-propagation_31.png>
 <a1,fr31>
File: pic/network-propagation/network-propagation_32.png Graphic file (type bmp)
<pic/network-propagation/network-propagation_32.png>
 <a1,fr32>
File: pic/network-propagation/network-propagation_33.png Graphic file (type bmp)
<pic/network-propagation/network-propagation_33.png>
 <a1,fr33>
File: pic/network-propagation/network-propagation_34.png Graphic file (type bmp)
<pic/network-propagation/network-propagation_34.png>
 <a1,fr34>
File: pic/network-propagation/network-propagation_35.png Graphic file (type bmp)
<pic/network-propagation/network-propagation_35.png>
 <a1,fr35>
File: pic/network-propagation/network-propagation_36.png Graphic file (type bmp)
<pic/network-propagation/network-propagation_36.png>
 <a1,fr36>
File: pic/network-propagation/network-propagation_37.png Graphic file (type bmp)
<pic/network-propagation/network-propagation_37.png>
 <a1,fr37>
File: pic/network-propagation/network-propagation_38.png Graphic file (type bmp)
<pic/network-propagation/network-propagation_38.png>
 <a1,fr38>
File: pic/network-propagation/network-propagation_39.png Graphic file (type bmp)
<pic/network-propagation/network-propagation_39.png>
 <a1,fr39>
File: pic/network-propagation/network-propagation_40.png Graphic file (type bmp)
<pic/network-propagation/network-propagation_40.png>
 <a1,fr40>
File: pic/network-propagation/network-propagation_41.png Graphic file (type bmp)
<pic/network-propagation/network-propagation_41.png>
 <a1,fr41>
File: pic/network-propagation/network-propagation_42.png Graphic file (type bmp)
<pic/network-propagation/network-propagation_42.png>
 <a1,fr42>
File: pic/network-propagation/network-propagation_43.png Graphic file (type bmp)
<pic/network-propagation/network-propagation_43.png>
 <a1,fr43>
File: pic/network-propagation/network-propagation_44.png Graphic file (type bmp)
<pic/network-propagation/network-propagation_44.png>
 <a1,fr44>
File: pic/network-propagation/network-propagation_45.png Graphic file (type bmp)
<pic/network-propagation/network-propagation_45.png>
 <a1,fr45>
File: pic/network-propagation/network-propagation_46.png Graphic file (type bmp)
<pic/network-propagation/network-propagation_46.png>
 <a1,fr46>
File: pic/network-propagation/network-propagation_47.png Graphic file (type bmp)
<pic/network-propagation/network-propagation_47.png>
 <a1,fr47>
File: pic/network-propagation/network-propagation_48.png Graphic file (type bmp)
<pic/network-propagation/network-propagation_48.png>
 <a1,fr48>
File: pic/network-propagation/network-propagation_49.png Graphic file (type bmp)
<pic/network-propagation/network-propagation_49.png>
 <a1,fr49>
File: pic/network-propagation/network-propagation_50.png Graphic file (type bmp)
<pic/network-propagation/network-propagation_50.png>
 <a1,fr50>
File: pic/network-propagation/network-propagation_51.png Graphic file (type bmp)
<pic/network-propagation/network-propagation_51.png>
 <a1,fr51>
File: pic/network-propagation/network-propagation_52.png Graphic file (type bmp)
<pic/network-propagation/network-propagation_52.png>
 <a1,fr52>
File: pic/network-propagation/network-propagation_53.png Graphic file (type bmp)
<pic/network-propagation/network-propagation_53.png>
 <a1,fr53>
File: pic/network-propagation/network-propagation_54.png Graphic file (type bmp)
<pic/network-propagation/network-propagation_54.png>
 <a1,fr54>
File: pic/network-propagation/network-propagation_55.png Graphic file (type bmp)
<pic/network-propagation/network-propagation_55.png>
 <a1,fr55>
File: pic/network-propagation/network-propagation_56.png Graphic file (type bmp)
<pic/network-propagation/network-propagation_56.png>
 <a1,fr56>
File: pic/network-propagation/network-propagation_57.png Graphic file (type bmp)
<pic/network-propagation/network-propagation_57.png>
 <a1,fr57>
File: pic/network-propagation/network-propagation_58.png Graphic file (type bmp)
<pic/network-propagation/network-propagation_58.png>
 <a1,fr58>
File: pic/network-propagation/network-propagation_59.png Graphic file (type bmp)
<pic/network-propagation/network-propagation_59.png>
 <a1,fr59>
File: pic/network-propagation/network-propagation_60.png Graphic file (type bmp)
<pic/network-propagation/network-propagation_60.png>
 <a1,fr60>
File: pic/network-propagation/network-propagation_61.png Graphic file (type bmp)
<pic/network-propagation/network-propagation_61.png>
 <a1,fr61>
File: pic/network-propagation/network-propagation_62.png Graphic file (type bmp)
<pic/network-propagation/network-propagation_62.png>
 <a1,fr62>
File: pic/network-propagation/network-propagation_63.png Graphic file (type bmp)
<pic/network-propagation/network-propagation_63.png>
 <a1,fr63>
File: pic/network-propagation/network-propagation_64.png Graphic file (type bmp)
<pic/network-propagation/network-propagation_64.png>
 <a1,fr64>
File: pic/network-propagation/network-propagation_65.png Graphic file (type bmp)
<pic/network-propagation/network-propagation_65.png>
 <a1,fr65>
File: pic/network-propagation/network-propagation_66.png Graphic file (type bmp)
<pic/network-propagation/network-propagation_66.png>
 <a1,fr66>
File: pic/network-propagation/network-propagation_67.png Graphic file (type bmp)
<pic/network-propagation/network-propagation_67.png>
 <a1,fr67>
File: pic/network-propagation/network-propagation_68.png Graphic file (type bmp)
<pic/network-propagation/network-propagation_68.png>
 <a1,fr68>
File: pic/network-propagation/network-propagation_69.png Graphic file (type bmp)
<pic/network-propagation/network-propagation_69.png>
 <a1,fr69>
File: pic/network-propagation/network-propagation_70.png Graphic file (type bmp)
<pic/network-propagation/network-propagation_70.png>
 <a1,fr70>
File: pic/network-propagation/network-propagation_71.png Graphic file (type bmp)
<pic/network-propagation/network-propagation_71.png>
 <a1,fr71> [36

]
File: pic/skip_gram.pdf Graphic file (type pdf)
<use pic/skip_gram.pdf>
File: pic/cbow.pdf Graphic file (type pdf)
<use pic/cbow.pdf>


LaTeX Warning: Citation `mikolov2013efficient' on page 37 undefined on input line 940.


LaTeX Warning: Citation `mikolov2013efficient' on page 37 undefined on input line 940.


LaTeX Warning: Citation `mikolov2013efficient' on page 37 undefined on input line 940.

[37

]
File: pic/word2vec_arch.png Graphic file (type bmp)
<pic/word2vec_arch.png>


LaTeX Warning: Citation `mikolov2013efficient' on page 38 undefined on input line 948.


LaTeX Warning: Citation `mikolov2013efficient' on page 38 undefined on input line 948.

[38

]
File: pic/word2vec_action.png Graphic file (type bmp)
<pic/word2vec_action.png>
 [39

]
File: pic/skip-gram_result.png Graphic file (type bmp)
<pic/skip-gram_result.png>
 [40

]
File: pic/cosine_similarity_vectors.jpg Graphic file (type bmp)
<pic/cosine_similarity_vectors.jpg>
 [41

]
No file IA-PUCP_SummerCamp_2026.toc.
[42

]
File: pic/shallow_embeddings.pdf Graphic file (type pdf)
<use pic/shallow_embeddings.pdf>
 [43

]
File: pic/more_embeddings.png Graphic file (type bmp)
<pic/more_embeddings.png>


LaTeX Warning: Citation `stamile2021graph' on page 44 undefined on input line 1011.


LaTeX Warning: Citation `stamile2021graph' on page 44 undefined on input line 1011.

[44

] [45

] [46

]
File: pic/graph_learning_tasks.pdf Graphic file (type pdf)
<use pic/graph_learning_tasks.pdf>
 [47

]
File: pic/graph_learning_tasks_example.png Graphic file (type bmp)
<pic/graph_learning_tasks_example.png>


LaTeX Warning: Citation `labonne2023hands' on page 48 undefined on input line 1058.


LaTeX Warning: Citation `labonne2023hands' on page 48 undefined on input line 1058.


Overfull \vbox (2.21323pt too high) detected at line 1058
 []

[48

]
File: pic/taxonomy_graph_machine_learning.png Graphic file (type bmp)
<pic/taxonomy_graph_machine_learning.png>


LaTeX Warning: Citation `chami2022machine' on page 49 undefined on input line 1066.


LaTeX Warning: Citation `chami2022machine' on page 49 undefined on input line 1066.


Overfull \vbox (6.72015pt too high) detected at line 1066
 []

[49

]
File: pic/deepwalk.png Graphic file (type bmp)
<pic/deepwalk.png>


LaTeX Warning: Citation `mikolov2013distributed' on page 50 undefined on input line 1080.

[50

]
File: pic/node2vec.png Graphic file (type bmp)
<pic/node2vec.png>


LaTeX Warning: Citation `grover2016node2vec' on page 51 undefined on input line 1096.

[51

]
File: pic/apply_graph_embedding.png Graphic file (type bmp)
<pic/apply_graph_embedding.png>


LaTeX Warning: Citation `yue2020graph' on page 52 undefined on input line 1104.


LaTeX Warning: Citation `yue2020graph' on page 52 undefined on input line 1104.

[52

] [53

]
No file IA-PUCP_SummerCamp_2026.toc.
[54

]
File: pic/graph_neural_networks.pdf Graphic file (type pdf)
<use pic/graph_neural_networks.pdf>
 [55

]
File: pic/computacional_graph_gcn.png Graphic file (type bmp)
<pic/computacional_graph_gcn.png>

Overfull \vbox (9.13713pt too high) detected at line 1158
 []

[56

]
File: pic/gnn_computacional_graphs.jpg Graphic file (type bmp)
<pic/gnn_computacional_graphs.jpg>

Overfull \vbox (2.77623pt too high) detected at line 1168
 []

[57

]
File: pic/gnn_single_layer.jpg Graphic file (type bmp)
<pic/gnn_single_layer.jpg>
 [58

]
File: pic/graph_learning_tasks.pdf Graphic file (type pdf)
<use pic/graph_learning_tasks.pdf>
 [59

]
File: pic/graph_learning_tasks_example.png Graphic file (type bmp)
<pic/graph_learning_tasks_example.png>


LaTeX Warning: Citation `labonne2023hands' on page 60 undefined on input line 1194.


LaTeX Warning: Citation `labonne2023hands' on page 60 undefined on input line 1194.


Overfull \vbox (2.21323pt too high) detected at line 1194
 []

[60

]
File: pic/taxonomy_graph_machine_learning.png Graphic file (type bmp)
<pic/taxonomy_graph_machine_learning.png>


LaTeX Warning: Citation `chami2022machine' on page 61 undefined on input line 1202.


LaTeX Warning: Citation `chami2022machine' on page 61 undefined on input line 1202.


Overfull \vbox (6.72015pt too high) detected at line 1202
 []

[61

]

LaTeX Warning: Citation `kipf2016semi' on page 62 undefined on input line 1217.


LaTeX Warning: Citation `velickovic2017graph' on page 62 undefined on input line 1217.


LaTeX Warning: Citation `xu2018powerful' on page 62 undefined on input line 1217.


LaTeX Warning: Citation `kipf2016variational' on page 62 undefined on input line 1217.


LaTeX Warning: Citation `velivckovic2018deep' on page 62 undefined on input line 1217.


LaTeX Warning: Citation `pan2018adversarially' on page 62 undefined on input line 1217.


LaTeX Warning: Citation `salha2021simple' on page 62 undefined on input line 1217.

[62

]
File: pic/graph_neural_networks.pdf Graphic file (type pdf)
<use pic/graph_neural_networks.pdf>
 [63

]
File: pic/input_graph.png Graphic file (type bmp)
<pic/input_graph.png>
File: pic/train_gcn/download_0.png Graphic file (type bmp)
<pic/train_gcn/download_0.png>
 <a2,fr0>
File: pic/train_gcn/download_1.png Graphic file (type bmp)
<pic/train_gcn/download_1.png>
 <a2,fr1>
File: pic/train_gcn/download_2.png Graphic file (type bmp)
<pic/train_gcn/download_2.png>
 <a2,fr2>
File: pic/train_gcn/download_3.png Graphic file (type bmp)
<pic/train_gcn/download_3.png>
 <a2,fr3>
File: pic/train_gcn/download_4.png Graphic file (type bmp)
<pic/train_gcn/download_4.png>
 <a2,fr4>
File: pic/train_gcn/download_5.png Graphic file (type bmp)
<pic/train_gcn/download_5.png>
 <a2,fr5>
File: pic/train_gcn/download_6.png Graphic file (type bmp)
<pic/train_gcn/download_6.png>
 <a2,fr6>
File: pic/train_gcn/download_7.png Graphic file (type bmp)
<pic/train_gcn/download_7.png>
 <a2,fr7>
File: pic/train_gcn/download_8.png Graphic file (type bmp)
<pic/train_gcn/download_8.png>
 <a2,fr8>
File: pic/train_gcn/download_9.png Graphic file (type bmp)
<pic/train_gcn/download_9.png>
 <a2,fr9>
File: pic/train_gcn/download_10.png Graphic file (type bmp)
<pic/train_gcn/download_10.png>
 <a2,fr10>
File: pic/train_gcn/download_11.png Graphic file (type bmp)
<pic/train_gcn/download_11.png>
 <a2,fr11>
File: pic/train_gcn/download_12.png Graphic file (type bmp)
<pic/train_gcn/download_12.png>
 <a2,fr12>
File: pic/train_gcn/download_13.png Graphic file (type bmp)
<pic/train_gcn/download_13.png>
 <a2,fr13>
File: pic/train_gcn/download_14.png Graphic file (type bmp)
<pic/train_gcn/download_14.png>
 <a2,fr14>
File: pic/train_gcn/download_15.png Graphic file (type bmp)
<pic/train_gcn/download_15.png>
 <a2,fr15>
File: pic/train_gcn/download_16.png Graphic file (type bmp)
<pic/train_gcn/download_16.png>
 <a2,fr16>
File: pic/train_gcn/download_17.png Graphic file (type bmp)
<pic/train_gcn/download_17.png>
 <a2,fr17>
File: pic/train_gcn/download_18.png Graphic file (type bmp)
<pic/train_gcn/download_18.png>
 <a2,fr18>
File: pic/train_gcn/download_19.png Graphic file (type bmp)
<pic/train_gcn/download_19.png>
 <a2,fr19>
File: pic/train_gcn/download_20.png Graphic file (type bmp)
<pic/train_gcn/download_20.png>
 <a2,fr20>
File: pic/train_gcn/download_21.png Graphic file (type bmp)
<pic/train_gcn/download_21.png>
 <a2,fr21>
File: pic/train_gcn/download_22.png Graphic file (type bmp)
<pic/train_gcn/download_22.png>
 <a2,fr22>
File: pic/train_gcn/download_23.png Graphic file (type bmp)
<pic/train_gcn/download_23.png>
 <a2,fr23>
File: pic/train_gcn/download_24.png Graphic file (type bmp)
<pic/train_gcn/download_24.png>
 <a2,fr24>
File: pic/train_gcn/download_25.png Graphic file (type bmp)
<pic/train_gcn/download_25.png>
 <a2,fr25>
File: pic/train_gcn/download_26.png Graphic file (type bmp)
<pic/train_gcn/download_26.png>
 <a2,fr26>
File: pic/train_gcn/download_27.png Graphic file (type bmp)
<pic/train_gcn/download_27.png>
 <a2,fr27>
File: pic/train_gcn/download_28.png Graphic file (type bmp)
<pic/train_gcn/download_28.png>
 <a2,fr28>
File: pic/train_gcn/download_29.png Graphic file (type bmp)
<pic/train_gcn/download_29.png>
 <a2,fr29>
File: pic/train_gcn/download_30.png Graphic file (type bmp)
<pic/train_gcn/download_30.png>
 <a2,fr30>
File: pic/train_gcn/download_31.png Graphic file (type bmp)
<pic/train_gcn/download_31.png>
 <a2,fr31>
File: pic/train_gcn/download_32.png Graphic file (type bmp)
<pic/train_gcn/download_32.png>
 <a2,fr32>
File: pic/train_gcn/download_33.png Graphic file (type bmp)
<pic/train_gcn/download_33.png>
 <a2,fr33>
File: pic/train_gcn/download_34.png Graphic file (type bmp)
<pic/train_gcn/download_34.png>
 <a2,fr34>
File: pic/train_gcn/download_35.png Graphic file (type bmp)
<pic/train_gcn/download_35.png>
 <a2,fr35>
File: pic/train_gcn/download_36.png Graphic file (type bmp)
<pic/train_gcn/download_36.png>
 <a2,fr36>
File: pic/train_gcn/download_37.png Graphic file (type bmp)
<pic/train_gcn/download_37.png>
 <a2,fr37>
File: pic/train_gcn/download_38.png Graphic file (type bmp)
<pic/train_gcn/download_38.png>
 <a2,fr38>
File: pic/train_gcn/download_39.png Graphic file (type bmp)
<pic/train_gcn/download_39.png>
 <a2,fr39>
File: pic/train_gcn/download_40.png Graphic file (type bmp)
<pic/train_gcn/download_40.png>
 <a2,fr40>
File: pic/train_gcn/download_41.png Graphic file (type bmp)
<pic/train_gcn/download_41.png>
 <a2,fr41>
File: pic/train_gcn/download_42.png Graphic file (type bmp)
<pic/train_gcn/download_42.png>
 <a2,fr42>
File: pic/train_gcn/download_43.png Graphic file (type bmp)
<pic/train_gcn/download_43.png>
 <a2,fr43>
File: pic/train_gcn/download_44.png Graphic file (type bmp)
<pic/train_gcn/download_44.png>
 <a2,fr44>
File: pic/train_gcn/download_45.png Graphic file (type bmp)
<pic/train_gcn/download_45.png>
 <a2,fr45>
File: pic/train_gcn/download_46.png Graphic file (type bmp)
<pic/train_gcn/download_46.png>
 <a2,fr46>
File: pic/train_gcn/download_47.png Graphic file (type bmp)
<pic/train_gcn/download_47.png>
 <a2,fr47>
File: pic/train_gcn/download_48.png Graphic file (type bmp)
<pic/train_gcn/download_48.png>
 <a2,fr48>
File: pic/train_gcn/download_49.png Graphic file (type bmp)
<pic/train_gcn/download_49.png>
 <a2,fr49>
File: pic/train_gcn/download_50.png Graphic file (type bmp)
<pic/train_gcn/download_50.png>
 <a2,fr50>
File: pic/train_gcn/download_51.png Graphic file (type bmp)
<pic/train_gcn/download_51.png>
 <a2,fr51>
File: pic/train_gcn/download_52.png Graphic file (type bmp)
<pic/train_gcn/download_52.png>
 <a2,fr52>
File: pic/train_gcn/download_53.png Graphic file (type bmp)
<pic/train_gcn/download_53.png>
 <a2,fr53>
File: pic/train_gcn/download_54.png Graphic file (type bmp)
<pic/train_gcn/download_54.png>
 <a2,fr54>
File: pic/train_gcn/download_55.png Graphic file (type bmp)
<pic/train_gcn/download_55.png>
 <a2,fr55>
File: pic/train_gcn/download_56.png Graphic file (type bmp)
<pic/train_gcn/download_56.png>
 <a2,fr56>
File: pic/train_gcn/download_57.png Graphic file (type bmp)
<pic/train_gcn/download_57.png>
 <a2,fr57>
File: pic/train_gcn/download_58.png Graphic file (type bmp)
<pic/train_gcn/download_58.png>
 <a2,fr58>
File: pic/train_gcn/download_59.png Graphic file (type bmp)
<pic/train_gcn/download_59.png>
 <a2,fr59>
File: pic/train_gcn/download_60.png Graphic file (type bmp)
<pic/train_gcn/download_60.png>
 <a2,fr60>
File: pic/train_gcn/download_61.png Graphic file (type bmp)
<pic/train_gcn/download_61.png>
 <a2,fr61>
File: pic/train_gcn/download_62.png Graphic file (type bmp)
<pic/train_gcn/download_62.png>
 <a2,fr62>
File: pic/train_gcn/download_63.png Graphic file (type bmp)
<pic/train_gcn/download_63.png>
 <a2,fr63>
File: pic/train_gcn/download_64.png Graphic file (type bmp)
<pic/train_gcn/download_64.png>
 <a2,fr64>
File: pic/train_gcn/download_65.png Graphic file (type bmp)
<pic/train_gcn/download_65.png>
 <a2,fr65>
File: pic/train_gcn/download_66.png Graphic file (type bmp)
<pic/train_gcn/download_66.png>
 <a2,fr66>
File: pic/train_gcn/download_67.png Graphic file (type bmp)
<pic/train_gcn/download_67.png>
 <a2,fr67>
File: pic/train_gcn/download_68.png Graphic file (type bmp)
<pic/train_gcn/download_68.png>
 <a2,fr68>
File: pic/train_gcn/download_69.png Graphic file (type bmp)
<pic/train_gcn/download_69.png>
 <a2,fr69>
File: pic/train_gcn/download_70.png Graphic file (type bmp)
<pic/train_gcn/download_70.png>
 <a2,fr70>
File: pic/train_gcn/download_71.png Graphic file (type bmp)
<pic/train_gcn/download_71.png>
 <a2,fr71>
File: pic/train_gcn/download_72.png Graphic file (type bmp)
<pic/train_gcn/download_72.png>
 <a2,fr72>
File: pic/train_gcn/download_73.png Graphic file (type bmp)
<pic/train_gcn/download_73.png>
 <a2,fr73>
File: pic/train_gcn/download_74.png Graphic file (type bmp)
<pic/train_gcn/download_74.png>
 <a2,fr74>
File: pic/train_gcn/download_75.png Graphic file (type bmp)
<pic/train_gcn/download_75.png>
 <a2,fr75>
File: pic/train_gcn/download_76.png Graphic file (type bmp)
<pic/train_gcn/download_76.png>
 <a2,fr76>
File: pic/train_gcn/download_77.png Graphic file (type bmp)
<pic/train_gcn/download_77.png>
 <a2,fr77>
File: pic/train_gcn/download_78.png Graphic file (type bmp)
<pic/train_gcn/download_78.png>
 <a2,fr78>
File: pic/train_gcn/download_79.png Graphic file (type bmp)
<pic/train_gcn/download_79.png>
 <a2,fr79>
File: pic/train_gcn/download_80.png Graphic file (type bmp)
<pic/train_gcn/download_80.png>
 <a2,fr80>
File: pic/train_gcn/download_81.png Graphic file (type bmp)
<pic/train_gcn/download_81.png>
 <a2,fr81>
File: pic/train_gcn/download_82.png Graphic file (type bmp)
<pic/train_gcn/download_82.png>
 <a2,fr82>
File: pic/train_gcn/download_83.png Graphic file (type bmp)
<pic/train_gcn/download_83.png>
 <a2,fr83>
File: pic/train_gcn/download_84.png Graphic file (type bmp)
<pic/train_gcn/download_84.png>
 <a2,fr84>
File: pic/train_gcn/download_85.png Graphic file (type bmp)
<pic/train_gcn/download_85.png>
 <a2,fr85>
File: pic/train_gcn/download_86.png Graphic file (type bmp)
<pic/train_gcn/download_86.png>
 <a2,fr86>
File: pic/train_gcn/download_87.png Graphic file (type bmp)
<pic/train_gcn/download_87.png>
 <a2,fr87>
File: pic/train_gcn/download_88.png Graphic file (type bmp)
<pic/train_gcn/download_88.png>
 <a2,fr88>
File: pic/train_gcn/download_89.png Graphic file (type bmp)
<pic/train_gcn/download_89.png>
 <a2,fr89>
File: pic/train_gcn/download_90.png Graphic file (type bmp)
<pic/train_gcn/download_90.png>
 <a2,fr90>
File: pic/train_gcn/download_91.png Graphic file (type bmp)
<pic/train_gcn/download_91.png>
 <a2,fr91>
File: pic/train_gcn/download_92.png Graphic file (type bmp)
<pic/train_gcn/download_92.png>
 <a2,fr92>
File: pic/train_gcn/download_93.png Graphic file (type bmp)
<pic/train_gcn/download_93.png>
 <a2,fr93>
File: pic/train_gcn/download_94.png Graphic file (type bmp)
<pic/train_gcn/download_94.png>
 <a2,fr94>
File: pic/train_gcn/download_95.png Graphic file (type bmp)
<pic/train_gcn/download_95.png>
 <a2,fr95>
File: pic/train_gcn/download_96.png Graphic file (type bmp)
<pic/train_gcn/download_96.png>
 <a2,fr96>
File: pic/train_gcn/download_97.png Graphic file (type bmp)
<pic/train_gcn/download_97.png>
 <a2,fr97>
File: pic/train_gcn/download_98.png Graphic file (type bmp)
<pic/train_gcn/download_98.png>
 <a2,fr98>
File: pic/train_gcn/download_99.png Graphic file (type bmp)
<pic/train_gcn/download_99.png>
 <a2,fr99>
File: pic/train_gcn/download_100.png Graphic file (type bmp)
<pic/train_gcn/download_100.png>
 <a2,fr100>
File: pic/train_gcn/download_101.png Graphic file (type bmp)
<pic/train_gcn/download_101.png>
 <a2,fr101>
File: pic/train_gcn/download_102.png Graphic file (type bmp)
<pic/train_gcn/download_102.png>
 <a2,fr102>
File: pic/train_gcn/download_103.png Graphic file (type bmp)
<pic/train_gcn/download_103.png>
 <a2,fr103>
File: pic/train_gcn/download_104.png Graphic file (type bmp)
<pic/train_gcn/download_104.png>
 <a2,fr104>
File: pic/train_gcn/download_105.png Graphic file (type bmp)
<pic/train_gcn/download_105.png>
 <a2,fr105>
File: pic/train_gcn/download_106.png Graphic file (type bmp)
<pic/train_gcn/download_106.png>
 <a2,fr106>
File: pic/train_gcn/download_107.png Graphic file (type bmp)
<pic/train_gcn/download_107.png>
 <a2,fr107>
File: pic/train_gcn/download_108.png Graphic file (type bmp)
<pic/train_gcn/download_108.png>
 <a2,fr108>
File: pic/train_gcn/download_109.png Graphic file (type bmp)
<pic/train_gcn/download_109.png>
 <a2,fr109>
File: pic/train_gcn/download_110.png Graphic file (type bmp)
<pic/train_gcn/download_110.png>
 <a2,fr110>
File: pic/train_gcn/download_111.png Graphic file (type bmp)
<pic/train_gcn/download_111.png>
 <a2,fr111>
File: pic/train_gcn/download_112.png Graphic file (type bmp)
<pic/train_gcn/download_112.png>
 <a2,fr112>
File: pic/train_gcn/download_113.png Graphic file (type bmp)
<pic/train_gcn/download_113.png>
 <a2,fr113>
File: pic/train_gcn/download_114.png Graphic file (type bmp)
<pic/train_gcn/download_114.png>
 <a2,fr114>
File: pic/train_gcn/download_115.png Graphic file (type bmp)
<pic/train_gcn/download_115.png>
 <a2,fr115>
File: pic/train_gcn/download_116.png Graphic file (type bmp)
<pic/train_gcn/download_116.png>
 <a2,fr116>
File: pic/train_gcn/download_117.png Graphic file (type bmp)
<pic/train_gcn/download_117.png>
 <a2,fr117>
File: pic/train_gcn/download_118.png Graphic file (type bmp)
<pic/train_gcn/download_118.png>
 <a2,fr118>
File: pic/train_gcn/download_119.png Graphic file (type bmp)
<pic/train_gcn/download_119.png>
 <a2,fr119>
File: pic/train_gcn/download_120.png Graphic file (type bmp)
<pic/train_gcn/download_120.png>
 <a2,fr120>
File: pic/train_gcn/download_121.png Graphic file (type bmp)
<pic/train_gcn/download_121.png>
 <a2,fr121>
File: pic/train_gcn/download_122.png Graphic file (type bmp)
<pic/train_gcn/download_122.png>
 <a2,fr122>
File: pic/train_gcn/download_123.png Graphic file (type bmp)
<pic/train_gcn/download_123.png>
 <a2,fr123>
File: pic/train_gcn/download_124.png Graphic file (type bmp)
<pic/train_gcn/download_124.png>
 <a2,fr124>
File: pic/train_gcn/download_125.png Graphic file (type bmp)
<pic/train_gcn/download_125.png>
 <a2,fr125>
File: pic/train_gcn/download_126.png Graphic file (type bmp)
<pic/train_gcn/download_126.png>
 <a2,fr126>
File: pic/train_gcn/download_127.png Graphic file (type bmp)
<pic/train_gcn/download_127.png>
 <a2,fr127>
File: pic/train_gcn/download_128.png Graphic file (type bmp)
<pic/train_gcn/download_128.png>
 <a2,fr128>
File: pic/train_gcn/download_129.png Graphic file (type bmp)
<pic/train_gcn/download_129.png>
 <a2,fr129>
File: pic/train_gcn/download_130.png Graphic file (type bmp)
<pic/train_gcn/download_130.png>
 <a2,fr130>
File: pic/train_gcn/download_131.png Graphic file (type bmp)
<pic/train_gcn/download_131.png>
 <a2,fr131>
File: pic/train_gcn/download_132.png Graphic file (type bmp)
<pic/train_gcn/download_132.png>
 <a2,fr132>
File: pic/train_gcn/download_133.png Graphic file (type bmp)
<pic/train_gcn/download_133.png>
 <a2,fr133>
File: pic/train_gcn/download_134.png Graphic file (type bmp)
<pic/train_gcn/download_134.png>
 <a2,fr134>
File: pic/train_gcn/download_135.png Graphic file (type bmp)
<pic/train_gcn/download_135.png>
 <a2,fr135>
File: pic/train_gcn/download_136.png Graphic file (type bmp)
<pic/train_gcn/download_136.png>
 <a2,fr136>
File: pic/train_gcn/download_137.png Graphic file (type bmp)
<pic/train_gcn/download_137.png>
 <a2,fr137>
File: pic/train_gcn/download_138.png Graphic file (type bmp)
<pic/train_gcn/download_138.png>
 <a2,fr138>
File: pic/train_gcn/download_139.png Graphic file (type bmp)
<pic/train_gcn/download_139.png>
 <a2,fr139>
File: pic/train_gcn/download_140.png Graphic file (type bmp)
<pic/train_gcn/download_140.png>
 <a2,fr140>
File: pic/train_gcn/download_141.png Graphic file (type bmp)
<pic/train_gcn/download_141.png>
 <a2,fr141>
File: pic/train_gcn/download_142.png Graphic file (type bmp)
<pic/train_gcn/download_142.png>
 <a2,fr142>
File: pic/train_gcn/download_143.png Graphic file (type bmp)
<pic/train_gcn/download_143.png>
 <a2,fr143>
File: pic/train_gcn/download_144.png Graphic file (type bmp)
<pic/train_gcn/download_144.png>
 <a2,fr144>
File: pic/train_gcn/download_145.png Graphic file (type bmp)
<pic/train_gcn/download_145.png>
 <a2,fr145>
File: pic/train_gcn/download_146.png Graphic file (type bmp)
<pic/train_gcn/download_146.png>
 <a2,fr146>
File: pic/train_gcn/download_147.png Graphic file (type bmp)
<pic/train_gcn/download_147.png>
 <a2,fr147>
File: pic/train_gcn/download_148.png Graphic file (type bmp)
<pic/train_gcn/download_148.png>
 <a2,fr148>
File: pic/train_gcn/download_149.png Graphic file (type bmp)
<pic/train_gcn/download_149.png>
 <a2,fr149>
Overfull \hbox (22.20485pt too wide) in paragraph at lines 1263--1263
 [][][][][][][][][][][][][][][][][][][][][][][][][][][][][][][][][][][][][][][][][][][][][][][][][][][][][][][][][][][][][][][][][][][][][][][][][][][][][][][][][][][][][][][][][][][][][][][][][][][][][][][][][][][][][][][][][][][][][][][][][][][][][][][][][][][][][][][][][][][][][][][][][][][][][][][][][][][][][][][][][][][][][][][][][][][][][][][][][][][][][][][][][][][][][][][][][][][][][][][][][][][][][][][][][][][][][][][][][][][][][][][][][][][][][][][][][][][][][][][][][][][][][][][][][][][][][][][][][][][][][][][][][][][][][][][][][][][][][][][][][][][][][][][][][][][][][][][][][][][][][][] 
 []

File: pic/output_graph.png Graphic file (type bmp)
<pic/output_graph.png>
[64

] [65

]
No file IA-PUCP_SummerCamp_2026.toc.
[66

] [67

]

LaTeX Warning: Citation `sarlin2020superglue' on page 68 undefined on input line 1320.

File: pic/super_glue.png Graphic file (type bmp)
<pic/super_glue.png>
[68

]
File: pic/imd/freiburg_matches-0.png Graphic file (type bmp)
<pic/imd/freiburg_matches-0.png>
 <a3,fr0>
File: pic/imd/freiburg_matches-1.png Graphic file (type bmp)
<pic/imd/freiburg_matches-1.png>
 <a3,fr1>
File: pic/imd/freiburg_matches-2.png Graphic file (type bmp)
<pic/imd/freiburg_matches-2.png>
 <a3,fr2>
File: pic/imd/freiburg_matches-3.png Graphic file (type bmp)
<pic/imd/freiburg_matches-3.png>
 <a3,fr3>
File: pic/imd/freiburg_matches-4.png Graphic file (type bmp)
<pic/imd/freiburg_matches-4.png>
 <a3,fr4>
File: pic/imd/freiburg_matches-5.png Graphic file (type bmp)
<pic/imd/freiburg_matches-5.png>
 <a3,fr5>
File: pic/imd/freiburg_matches-6.png Graphic file (type bmp)
<pic/imd/freiburg_matches-6.png>
 <a3,fr6>
File: pic/imd/freiburg_matches-7.png Graphic file (type bmp)
<pic/imd/freiburg_matches-7.png>
 <a3,fr7>
File: pic/imd/freiburg_matches-8.png Graphic file (type bmp)
<pic/imd/freiburg_matches-8.png>
 <a3,fr8>
File: pic/imd/freiburg_matches-9.png Graphic file (type bmp)
<pic/imd/freiburg_matches-9.png>
 <a3,fr9>
File: pic/imd/freiburg_matches-10.png Graphic file (type bmp)
<pic/imd/freiburg_matches-10.png>
 <a3,fr10>
File: pic/imd/freiburg_matches-11.png Graphic file (type bmp)
<pic/imd/freiburg_matches-11.png>
 <a3,fr11>
File: pic/imd/freiburg_matches-12.png Graphic file (type bmp)
<pic/imd/freiburg_matches-12.png>
 <a3,fr12>
File: pic/imd/freiburg_matches-13.png Graphic file (type bmp)
<pic/imd/freiburg_matches-13.png>
 <a3,fr13>
File: pic/imd/freiburg_matches-14.png Graphic file (type bmp)
<pic/imd/freiburg_matches-14.png>
 <a3,fr14>
File: pic/imd/freiburg_matches-15.png Graphic file (type bmp)
<pic/imd/freiburg_matches-15.png>
 <a3,fr15> [69

]
File: pic/Fexp_1.2_Fx_2_ad_matches.png Graphic file (type bmp)
<pic/Fexp_1.2_Fx_2_ad_matches.png>
 [70

]

LaTeX Warning: Citation `yu2017spatio' on page 71 undefined on input line 1352.

File: pic/stgcn_model.png Graphic file (type bmp)
<pic/stgcn_model.png>
[71

]
File: pic/traffic/c389b48c98f34cce898d9c1baa2ed346LTsk9cwQTrdumRQT-0.png Graphic file (type bmp)
<pic/traffic/c389b48c98f34cce898d9c1baa2ed346LTsk9cwQTrdumRQT-0.png>
 <a4,fr0>
File: pic/traffic/c389b48c98f34cce898d9c1baa2ed346LTsk9cwQTrdumRQT-1.png Graphic file (type bmp)
<pic/traffic/c389b48c98f34cce898d9c1baa2ed346LTsk9cwQTrdumRQT-1.png>
 <a4,fr1>
File: pic/traffic/c389b48c98f34cce898d9c1baa2ed346LTsk9cwQTrdumRQT-2.png Graphic file (type bmp)
<pic/traffic/c389b48c98f34cce898d9c1baa2ed346LTsk9cwQTrdumRQT-2.png>
 <a4,fr2>
File: pic/traffic/c389b48c98f34cce898d9c1baa2ed346LTsk9cwQTrdumRQT-3.png Graphic file (type bmp)
<pic/traffic/c389b48c98f34cce898d9c1baa2ed346LTsk9cwQTrdumRQT-3.png>
 <a4,fr3>
File: pic/traffic/c389b48c98f34cce898d9c1baa2ed346LTsk9cwQTrdumRQT-4.png Graphic file (type bmp)
<pic/traffic/c389b48c98f34cce898d9c1baa2ed346LTsk9cwQTrdumRQT-4.png>
 <a4,fr4>
File: pic/traffic/c389b48c98f34cce898d9c1baa2ed346LTsk9cwQTrdumRQT-5.png Graphic file (type bmp)
<pic/traffic/c389b48c98f34cce898d9c1baa2ed346LTsk9cwQTrdumRQT-5.png>
 <a4,fr5>
File: pic/traffic/c389b48c98f34cce898d9c1baa2ed346LTsk9cwQTrdumRQT-6.png Graphic file (type bmp)
<pic/traffic/c389b48c98f34cce898d9c1baa2ed346LTsk9cwQTrdumRQT-6.png>
 <a4,fr6>
File: pic/traffic/c389b48c98f34cce898d9c1baa2ed346LTsk9cwQTrdumRQT-7.png Graphic file (type bmp)
<pic/traffic/c389b48c98f34cce898d9c1baa2ed346LTsk9cwQTrdumRQT-7.png>
 <a4,fr7>
File: pic/traffic/c389b48c98f34cce898d9c1baa2ed346LTsk9cwQTrdumRQT-8.png Graphic file (type bmp)
<pic/traffic/c389b48c98f34cce898d9c1baa2ed346LTsk9cwQTrdumRQT-8.png>
 <a4,fr8>
File: pic/traffic/c389b48c98f34cce898d9c1baa2ed346LTsk9cwQTrdumRQT-9.png Graphic file (type bmp)
<pic/traffic/c389b48c98f34cce898d9c1baa2ed346LTsk9cwQTrdumRQT-9.png>
 <a4,fr9>
File: pic/traffic/c389b48c98f34cce898d9c1baa2ed346LTsk9cwQTrdumRQT-10.png Graphic file (type bmp)
<pic/traffic/c389b48c98f34cce898d9c1baa2ed346LTsk9cwQTrdumRQT-10.png>
 <a4,fr10>
File: pic/traffic/c389b48c98f34cce898d9c1baa2ed346LTsk9cwQTrdumRQT-11.png Graphic file (type bmp)
<pic/traffic/c389b48c98f34cce898d9c1baa2ed346LTsk9cwQTrdumRQT-11.png>
 <a4,fr11>
File: pic/traffic/c389b48c98f34cce898d9c1baa2ed346LTsk9cwQTrdumRQT-12.png Graphic file (type bmp)
<pic/traffic/c389b48c98f34cce898d9c1baa2ed346LTsk9cwQTrdumRQT-12.png>
 <a4,fr12>
File: pic/traffic/c389b48c98f34cce898d9c1baa2ed346LTsk9cwQTrdumRQT-13.png Graphic file (type bmp)
<pic/traffic/c389b48c98f34cce898d9c1baa2ed346LTsk9cwQTrdumRQT-13.png>
 <a4,fr13>
File: pic/traffic/c389b48c98f34cce898d9c1baa2ed346LTsk9cwQTrdumRQT-14.png Graphic file (type bmp)
<pic/traffic/c389b48c98f34cce898d9c1baa2ed346LTsk9cwQTrdumRQT-14.png>
 <a4,fr14>
File: pic/traffic/c389b48c98f34cce898d9c1baa2ed346LTsk9cwQTrdumRQT-15.png Graphic file (type bmp)
<pic/traffic/c389b48c98f34cce898d9c1baa2ed346LTsk9cwQTrdumRQT-15.png>
 <a4,fr15>
File: pic/traffic/c389b48c98f34cce898d9c1baa2ed346LTsk9cwQTrdumRQT-16.png Graphic file (type bmp)
<pic/traffic/c389b48c98f34cce898d9c1baa2ed346LTsk9cwQTrdumRQT-16.png>
 <a4,fr16> <a4,fr17>
File: pic/traffic/c389b48c98f34cce898d9c1baa2ed346LTsk9cwQTrdumRQT-18.png Graphic file (type bmp)
<pic/traffic/c389b48c98f34cce898d9c1baa2ed346LTsk9cwQTrdumRQT-18.png>
 <a4,fr18>
File: pic/traffic/c389b48c98f34cce898d9c1baa2ed346LTsk9cwQTrdumRQT-19.png Graphic file (type bmp)
<pic/traffic/c389b48c98f34cce898d9c1baa2ed346LTsk9cwQTrdumRQT-19.png>
 <a4,fr19>
File: pic/traffic/c389b48c98f34cce898d9c1baa2ed346LTsk9cwQTrdumRQT-20.png Graphic file (type bmp)
<pic/traffic/c389b48c98f34cce898d9c1baa2ed346LTsk9cwQTrdumRQT-20.png>
 <a4,fr20>
File: pic/traffic/c389b48c98f34cce898d9c1baa2ed346LTsk9cwQTrdumRQT-21.png Graphic file (type bmp)
<pic/traffic/c389b48c98f34cce898d9c1baa2ed346LTsk9cwQTrdumRQT-21.png>
 <a4,fr21>
File: pic/traffic/c389b48c98f34cce898d9c1baa2ed346LTsk9cwQTrdumRQT-22.png Graphic file (type bmp)
<pic/traffic/c389b48c98f34cce898d9c1baa2ed346LTsk9cwQTrdumRQT-22.png>
 <a4,fr22>
File: pic/traffic/c389b48c98f34cce898d9c1baa2ed346LTsk9cwQTrdumRQT-23.png Graphic file (type bmp)
<pic/traffic/c389b48c98f34cce898d9c1baa2ed346LTsk9cwQTrdumRQT-23.png>
 <a4,fr23>
File: pic/traffic/c389b48c98f34cce898d9c1baa2ed346LTsk9cwQTrdumRQT-24.png Graphic file (type bmp)
<pic/traffic/c389b48c98f34cce898d9c1baa2ed346LTsk9cwQTrdumRQT-24.png>
 <a4,fr24>
File: pic/traffic/c389b48c98f34cce898d9c1baa2ed346LTsk9cwQTrdumRQT-25.png Graphic file (type bmp)
<pic/traffic/c389b48c98f34cce898d9c1baa2ed346LTsk9cwQTrdumRQT-25.png>
 <a4,fr25>
File: pic/traffic/c389b48c98f34cce898d9c1baa2ed346LTsk9cwQTrdumRQT-26.png Graphic file (type bmp)
<pic/traffic/c389b48c98f34cce898d9c1baa2ed346LTsk9cwQTrdumRQT-26.png>
 <a4,fr26>
File: pic/traffic/c389b48c98f34cce898d9c1baa2ed346LTsk9cwQTrdumRQT-27.png Graphic file (type bmp)
<pic/traffic/c389b48c98f34cce898d9c1baa2ed346LTsk9cwQTrdumRQT-27.png>
 <a4,fr27>
File: pic/traffic/c389b48c98f34cce898d9c1baa2ed346LTsk9cwQTrdumRQT-28.png Graphic file (type bmp)
<pic/traffic/c389b48c98f34cce898d9c1baa2ed346LTsk9cwQTrdumRQT-28.png>
 <a4,fr28>
File: pic/traffic/c389b48c98f34cce898d9c1baa2ed346LTsk9cwQTrdumRQT-29.png Graphic file (type bmp)
<pic/traffic/c389b48c98f34cce898d9c1baa2ed346LTsk9cwQTrdumRQT-29.png>
 <a4,fr29>
File: pic/traffic/c389b48c98f34cce898d9c1baa2ed346LTsk9cwQTrdumRQT-30.png Graphic file (type bmp)
<pic/traffic/c389b48c98f34cce898d9c1baa2ed346LTsk9cwQTrdumRQT-30.png>
 <a4,fr30>
File: pic/traffic/c389b48c98f34cce898d9c1baa2ed346LTsk9cwQTrdumRQT-31.png Graphic file (type bmp)
<pic/traffic/c389b48c98f34cce898d9c1baa2ed346LTsk9cwQTrdumRQT-31.png>
 <a4,fr31>
File: pic/traffic/c389b48c98f34cce898d9c1baa2ed346LTsk9cwQTrdumRQT-32.png Graphic file (type bmp)
<pic/traffic/c389b48c98f34cce898d9c1baa2ed346LTsk9cwQTrdumRQT-32.png>
 <a4,fr32>
File: pic/traffic/c389b48c98f34cce898d9c1baa2ed346LTsk9cwQTrdumRQT-33.png Graphic file (type bmp)
<pic/traffic/c389b48c98f34cce898d9c1baa2ed346LTsk9cwQTrdumRQT-33.png>
 <a4,fr33>
File: pic/traffic/c389b48c98f34cce898d9c1baa2ed346LTsk9cwQTrdumRQT-34.png Graphic file (type bmp)
<pic/traffic/c389b48c98f34cce898d9c1baa2ed346LTsk9cwQTrdumRQT-34.png>
 <a4,fr34>
File: pic/traffic/c389b48c98f34cce898d9c1baa2ed346LTsk9cwQTrdumRQT-35.png Graphic file (type bmp)
<pic/traffic/c389b48c98f34cce898d9c1baa2ed346LTsk9cwQTrdumRQT-35.png>
 <a4,fr35>
File: pic/traffic/c389b48c98f34cce898d9c1baa2ed346LTsk9cwQTrdumRQT-36.png Graphic file (type bmp)
<pic/traffic/c389b48c98f34cce898d9c1baa2ed346LTsk9cwQTrdumRQT-36.png>
 <a4,fr36>
File: pic/traffic/c389b48c98f34cce898d9c1baa2ed346LTsk9cwQTrdumRQT-37.png Graphic file (type bmp)
<pic/traffic/c389b48c98f34cce898d9c1baa2ed346LTsk9cwQTrdumRQT-37.png>
 <a4,fr37>
File: pic/traffic/c389b48c98f34cce898d9c1baa2ed346LTsk9cwQTrdumRQT-38.png Graphic file (type bmp)
<pic/traffic/c389b48c98f34cce898d9c1baa2ed346LTsk9cwQTrdumRQT-38.png>
 <a4,fr38>
File: pic/traffic/c389b48c98f34cce898d9c1baa2ed346LTsk9cwQTrdumRQT-39.png Graphic file (type bmp)
<pic/traffic/c389b48c98f34cce898d9c1baa2ed346LTsk9cwQTrdumRQT-39.png>
 <a4,fr39>
File: pic/traffic/c389b48c98f34cce898d9c1baa2ed346LTsk9cwQTrdumRQT-40.png Graphic file (type bmp)
<pic/traffic/c389b48c98f34cce898d9c1baa2ed346LTsk9cwQTrdumRQT-40.png>
 <a4,fr40>
File: pic/traffic/c389b48c98f34cce898d9c1baa2ed346LTsk9cwQTrdumRQT-41.png Graphic file (type bmp)
<pic/traffic/c389b48c98f34cce898d9c1baa2ed346LTsk9cwQTrdumRQT-41.png>
 <a4,fr41>
File: pic/traffic/c389b48c98f34cce898d9c1baa2ed346LTsk9cwQTrdumRQT-42.png Graphic file (type bmp)
<pic/traffic/c389b48c98f34cce898d9c1baa2ed346LTsk9cwQTrdumRQT-42.png>
 <a4,fr42>
File: pic/traffic/c389b48c98f34cce898d9c1baa2ed346LTsk9cwQTrdumRQT-43.png Graphic file (type bmp)
<pic/traffic/c389b48c98f34cce898d9c1baa2ed346LTsk9cwQTrdumRQT-43.png>
 <a4,fr43>
File: pic/traffic/c389b48c98f34cce898d9c1baa2ed346LTsk9cwQTrdumRQT-44.png Graphic file (type bmp)
<pic/traffic/c389b48c98f34cce898d9c1baa2ed346LTsk9cwQTrdumRQT-44.png>
 <a4,fr44>
File: pic/traffic/c389b48c98f34cce898d9c1baa2ed346LTsk9cwQTrdumRQT-45.png Graphic file (type bmp)
<pic/traffic/c389b48c98f34cce898d9c1baa2ed346LTsk9cwQTrdumRQT-45.png>
 <a4,fr45>
File: pic/traffic/c389b48c98f34cce898d9c1baa2ed346LTsk9cwQTrdumRQT-46.png Graphic file (type bmp)
<pic/traffic/c389b48c98f34cce898d9c1baa2ed346LTsk9cwQTrdumRQT-46.png>
 <a4,fr46>
File: pic/traffic/c389b48c98f34cce898d9c1baa2ed346LTsk9cwQTrdumRQT-47.png Graphic file (type bmp)
<pic/traffic/c389b48c98f34cce898d9c1baa2ed346LTsk9cwQTrdumRQT-47.png>
 <a4,fr47>
File: pic/traffic/c389b48c98f34cce898d9c1baa2ed346LTsk9cwQTrdumRQT-48.png Graphic file (type bmp)
<pic/traffic/c389b48c98f34cce898d9c1baa2ed346LTsk9cwQTrdumRQT-48.png>
 <a4,fr48>
File: pic/traffic/c389b48c98f34cce898d9c1baa2ed346LTsk9cwQTrdumRQT-49.png Graphic file (type bmp)
<pic/traffic/c389b48c98f34cce898d9c1baa2ed346LTsk9cwQTrdumRQT-49.png>
 <a4,fr49>
File: pic/traffic/c389b48c98f34cce898d9c1baa2ed346LTsk9cwQTrdumRQT-50.png Graphic file (type bmp)
<pic/traffic/c389b48c98f34cce898d9c1baa2ed346LTsk9cwQTrdumRQT-50.png>
 <a4,fr50>
File: pic/traffic/c389b48c98f34cce898d9c1baa2ed346LTsk9cwQTrdumRQT-51.png Graphic file (type bmp)
<pic/traffic/c389b48c98f34cce898d9c1baa2ed346LTsk9cwQTrdumRQT-51.png>
 <a4,fr51>
File: pic/traffic/c389b48c98f34cce898d9c1baa2ed346LTsk9cwQTrdumRQT-52.png Graphic file (type bmp)
<pic/traffic/c389b48c98f34cce898d9c1baa2ed346LTsk9cwQTrdumRQT-52.png>
 <a4,fr52>
File: pic/traffic/c389b48c98f34cce898d9c1baa2ed346LTsk9cwQTrdumRQT-53.png Graphic file (type bmp)
<pic/traffic/c389b48c98f34cce898d9c1baa2ed346LTsk9cwQTrdumRQT-53.png>
 <a4,fr53>
File: pic/traffic/c389b48c98f34cce898d9c1baa2ed346LTsk9cwQTrdumRQT-54.png Graphic file (type bmp)
<pic/traffic/c389b48c98f34cce898d9c1baa2ed346LTsk9cwQTrdumRQT-54.png>
 <a4,fr54>
File: pic/traffic/c389b48c98f34cce898d9c1baa2ed346LTsk9cwQTrdumRQT-55.png Graphic file (type bmp)
<pic/traffic/c389b48c98f34cce898d9c1baa2ed346LTsk9cwQTrdumRQT-55.png>
 <a4,fr55>
File: pic/traffic/c389b48c98f34cce898d9c1baa2ed346LTsk9cwQTrdumRQT-56.png Graphic file (type bmp)
<pic/traffic/c389b48c98f34cce898d9c1baa2ed346LTsk9cwQTrdumRQT-56.png>
 <a4,fr56>
File: pic/traffic/c389b48c98f34cce898d9c1baa2ed346LTsk9cwQTrdumRQT-57.png Graphic file (type bmp)
<pic/traffic/c389b48c98f34cce898d9c1baa2ed346LTsk9cwQTrdumRQT-57.png>
 <a4,fr57>
File: pic/traffic/c389b48c98f34cce898d9c1baa2ed346LTsk9cwQTrdumRQT-58.png Graphic file (type bmp)
<pic/traffic/c389b48c98f34cce898d9c1baa2ed346LTsk9cwQTrdumRQT-58.png>
 <a4,fr58>
File: pic/traffic/c389b48c98f34cce898d9c1baa2ed346LTsk9cwQTrdumRQT-59.png Graphic file (type bmp)
<pic/traffic/c389b48c98f34cce898d9c1baa2ed346LTsk9cwQTrdumRQT-59.png>
 <a4,fr59>
File: pic/traffic/c389b48c98f34cce898d9c1baa2ed346LTsk9cwQTrdumRQT-60.png Graphic file (type bmp)
<pic/traffic/c389b48c98f34cce898d9c1baa2ed346LTsk9cwQTrdumRQT-60.png>
 <a4,fr60>
File: pic/traffic/c389b48c98f34cce898d9c1baa2ed346LTsk9cwQTrdumRQT-61.png Graphic file (type bmp)
<pic/traffic/c389b48c98f34cce898d9c1baa2ed346LTsk9cwQTrdumRQT-61.png>
 <a4,fr61>
File: pic/traffic/c389b48c98f34cce898d9c1baa2ed346LTsk9cwQTrdumRQT-62.png Graphic file (type bmp)
<pic/traffic/c389b48c98f34cce898d9c1baa2ed346LTsk9cwQTrdumRQT-62.png>
 <a4,fr62>
File: pic/traffic/c389b48c98f34cce898d9c1baa2ed346LTsk9cwQTrdumRQT-63.png Graphic file (type bmp)
<pic/traffic/c389b48c98f34cce898d9c1baa2ed346LTsk9cwQTrdumRQT-63.png>
 <a4,fr63>
File: pic/traffic/c389b48c98f34cce898d9c1baa2ed346LTsk9cwQTrdumRQT-64.png Graphic file (type bmp)
<pic/traffic/c389b48c98f34cce898d9c1baa2ed346LTsk9cwQTrdumRQT-64.png>
 <a4,fr64>
File: pic/traffic/c389b48c98f34cce898d9c1baa2ed346LTsk9cwQTrdumRQT-65.png Graphic file (type bmp)
<pic/traffic/c389b48c98f34cce898d9c1baa2ed346LTsk9cwQTrdumRQT-65.png>
 <a4,fr65>
File: pic/traffic/c389b48c98f34cce898d9c1baa2ed346LTsk9cwQTrdumRQT-66.png Graphic file (type bmp)
<pic/traffic/c389b48c98f34cce898d9c1baa2ed346LTsk9cwQTrdumRQT-66.png>
 <a4,fr66>
File: pic/traffic/c389b48c98f34cce898d9c1baa2ed346LTsk9cwQTrdumRQT-67.png Graphic file (type bmp)
<pic/traffic/c389b48c98f34cce898d9c1baa2ed346LTsk9cwQTrdumRQT-67.png>
 <a4,fr67>
File: pic/traffic/c389b48c98f34cce898d9c1baa2ed346LTsk9cwQTrdumRQT-68.png Graphic file (type bmp)
<pic/traffic/c389b48c98f34cce898d9c1baa2ed346LTsk9cwQTrdumRQT-68.png>
 <a4,fr68>
File: pic/traffic/c389b48c98f34cce898d9c1baa2ed346LTsk9cwQTrdumRQT-69.png Graphic file (type bmp)
<pic/traffic/c389b48c98f34cce898d9c1baa2ed346LTsk9cwQTrdumRQT-69.png>
 <a4,fr69>
File: pic/traffic/c389b48c98f34cce898d9c1baa2ed346LTsk9cwQTrdumRQT-70.png Graphic file (type bmp)
<pic/traffic/c389b48c98f34cce898d9c1baa2ed346LTsk9cwQTrdumRQT-70.png>
 <a4,fr70>
File: pic/traffic/c389b48c98f34cce898d9c1baa2ed346LTsk9cwQTrdumRQT-71.png Graphic file (type bmp)
<pic/traffic/c389b48c98f34cce898d9c1baa2ed346LTsk9cwQTrdumRQT-71.png>
 <a4,fr71>
File: pic/traffic/c389b48c98f34cce898d9c1baa2ed346LTsk9cwQTrdumRQT-72.png Graphic file (type bmp)
<pic/traffic/c389b48c98f34cce898d9c1baa2ed346LTsk9cwQTrdumRQT-72.png>
 <a4,fr72>
File: pic/traffic/c389b48c98f34cce898d9c1baa2ed346LTsk9cwQTrdumRQT-73.png Graphic file (type bmp)
<pic/traffic/c389b48c98f34cce898d9c1baa2ed346LTsk9cwQTrdumRQT-73.png>
 <a4,fr73>
File: pic/traffic/c389b48c98f34cce898d9c1baa2ed346LTsk9cwQTrdumRQT-74.png Graphic file (type bmp)
<pic/traffic/c389b48c98f34cce898d9c1baa2ed346LTsk9cwQTrdumRQT-74.png>
 <a4,fr74>
File: pic/traffic/c389b48c98f34cce898d9c1baa2ed346LTsk9cwQTrdumRQT-75.png Graphic file (type bmp)
<pic/traffic/c389b48c98f34cce898d9c1baa2ed346LTsk9cwQTrdumRQT-75.png>
 <a4,fr75>
File: pic/traffic/c389b48c98f34cce898d9c1baa2ed346LTsk9cwQTrdumRQT-76.png Graphic file (type bmp)
<pic/traffic/c389b48c98f34cce898d9c1baa2ed346LTsk9cwQTrdumRQT-76.png>
 <a4,fr76>
File: pic/traffic/c389b48c98f34cce898d9c1baa2ed346LTsk9cwQTrdumRQT-77.png Graphic file (type bmp)
<pic/traffic/c389b48c98f34cce898d9c1baa2ed346LTsk9cwQTrdumRQT-77.png>
 <a4,fr77>
File: pic/traffic/c389b48c98f34cce898d9c1baa2ed346LTsk9cwQTrdumRQT-78.png Graphic file (type bmp)
<pic/traffic/c389b48c98f34cce898d9c1baa2ed346LTsk9cwQTrdumRQT-78.png>
 <a4,fr78>
File: pic/traffic/c389b48c98f34cce898d9c1baa2ed346LTsk9cwQTrdumRQT-79.png Graphic file (type bmp)
<pic/traffic/c389b48c98f34cce898d9c1baa2ed346LTsk9cwQTrdumRQT-79.png>
 <a4,fr79>
File: pic/traffic/c389b48c98f34cce898d9c1baa2ed346LTsk9cwQTrdumRQT-80.png Graphic file (type bmp)
<pic/traffic/c389b48c98f34cce898d9c1baa2ed346LTsk9cwQTrdumRQT-80.png>
 <a4,fr80>
File: pic/traffic/c389b48c98f34cce898d9c1baa2ed346LTsk9cwQTrdumRQT-81.png Graphic file (type bmp)
<pic/traffic/c389b48c98f34cce898d9c1baa2ed346LTsk9cwQTrdumRQT-81.png>
 <a4,fr81>
File: pic/traffic/c389b48c98f34cce898d9c1baa2ed346LTsk9cwQTrdumRQT-82.png Graphic file (type bmp)
<pic/traffic/c389b48c98f34cce898d9c1baa2ed346LTsk9cwQTrdumRQT-82.png>
 <a4,fr82>
File: pic/traffic/c389b48c98f34cce898d9c1baa2ed346LTsk9cwQTrdumRQT-83.png Graphic file (type bmp)
<pic/traffic/c389b48c98f34cce898d9c1baa2ed346LTsk9cwQTrdumRQT-83.png>
 <a4,fr83>
File: pic/traffic/c389b48c98f34cce898d9c1baa2ed346LTsk9cwQTrdumRQT-84.png Graphic file (type bmp)
<pic/traffic/c389b48c98f34cce898d9c1baa2ed346LTsk9cwQTrdumRQT-84.png>
 <a4,fr84>
File: pic/traffic/c389b48c98f34cce898d9c1baa2ed346LTsk9cwQTrdumRQT-85.png Graphic file (type bmp)
<pic/traffic/c389b48c98f34cce898d9c1baa2ed346LTsk9cwQTrdumRQT-85.png>
 <a4,fr85>
File: pic/traffic/c389b48c98f34cce898d9c1baa2ed346LTsk9cwQTrdumRQT-86.png Graphic file (type bmp)
<pic/traffic/c389b48c98f34cce898d9c1baa2ed346LTsk9cwQTrdumRQT-86.png>
 <a4,fr86>
File: pic/traffic/c389b48c98f34cce898d9c1baa2ed346LTsk9cwQTrdumRQT-87.png Graphic file (type bmp)
<pic/traffic/c389b48c98f34cce898d9c1baa2ed346LTsk9cwQTrdumRQT-87.png>
 <a4,fr87>
File: pic/traffic/c389b48c98f34cce898d9c1baa2ed346LTsk9cwQTrdumRQT-88.png Graphic file (type bmp)
<pic/traffic/c389b48c98f34cce898d9c1baa2ed346LTsk9cwQTrdumRQT-88.png>
 <a4,fr88> <a4,fr89>
File: pic/traffic/c389b48c98f34cce898d9c1baa2ed346LTsk9cwQTrdumRQT-90.png Graphic file (type bmp)
<pic/traffic/c389b48c98f34cce898d9c1baa2ed346LTsk9cwQTrdumRQT-90.png>
 <a4,fr90> <a4,fr91>
File: pic/traffic/c389b48c98f34cce898d9c1baa2ed346LTsk9cwQTrdumRQT-92.png Graphic file (type bmp)
<pic/traffic/c389b48c98f34cce898d9c1baa2ed346LTsk9cwQTrdumRQT-92.png>
 <a4,fr92>
File: pic/traffic/c389b48c98f34cce898d9c1baa2ed346LTsk9cwQTrdumRQT-93.png Graphic file (type bmp)
<pic/traffic/c389b48c98f34cce898d9c1baa2ed346LTsk9cwQTrdumRQT-93.png>
 <a4,fr93>
File: pic/traffic/c389b48c98f34cce898d9c1baa2ed346LTsk9cwQTrdumRQT-94.png Graphic file (type bmp)
<pic/traffic/c389b48c98f34cce898d9c1baa2ed346LTsk9cwQTrdumRQT-94.png>
 <a4,fr94>
File: pic/traffic/c389b48c98f34cce898d9c1baa2ed346LTsk9cwQTrdumRQT-95.png Graphic file (type bmp)
<pic/traffic/c389b48c98f34cce898d9c1baa2ed346LTsk9cwQTrdumRQT-95.png>
 <a4,fr95>
File: pic/traffic/c389b48c98f34cce898d9c1baa2ed346LTsk9cwQTrdumRQT-96.png Graphic file (type bmp)
<pic/traffic/c389b48c98f34cce898d9c1baa2ed346LTsk9cwQTrdumRQT-96.png>
 <a4,fr96>
File: pic/traffic/c389b48c98f34cce898d9c1baa2ed346LTsk9cwQTrdumRQT-97.png Graphic file (type bmp)
<pic/traffic/c389b48c98f34cce898d9c1baa2ed346LTsk9cwQTrdumRQT-97.png>
 <a4,fr97>
File: pic/traffic/c389b48c98f34cce898d9c1baa2ed346LTsk9cwQTrdumRQT-98.png Graphic file (type bmp)
<pic/traffic/c389b48c98f34cce898d9c1baa2ed346LTsk9cwQTrdumRQT-98.png>
 <a4,fr98>
File: pic/traffic/c389b48c98f34cce898d9c1baa2ed346LTsk9cwQTrdumRQT-99.png Graphic file (type bmp)
<pic/traffic/c389b48c98f34cce898d9c1baa2ed346LTsk9cwQTrdumRQT-99.png>
 <a4,fr99>
File: pic/traffic/c389b48c98f34cce898d9c1baa2ed346LTsk9cwQTrdumRQT-100.png Graphic file (type bmp)
<pic/traffic/c389b48c98f34cce898d9c1baa2ed346LTsk9cwQTrdumRQT-100.png>
 <a4,fr100>
File: pic/traffic/c389b48c98f34cce898d9c1baa2ed346LTsk9cwQTrdumRQT-101.png Graphic file (type bmp)
<pic/traffic/c389b48c98f34cce898d9c1baa2ed346LTsk9cwQTrdumRQT-101.png>
 <a4,fr101>
File: pic/traffic/c389b48c98f34cce898d9c1baa2ed346LTsk9cwQTrdumRQT-102.png Graphic file (type bmp)
<pic/traffic/c389b48c98f34cce898d9c1baa2ed346LTsk9cwQTrdumRQT-102.png>
 <a4,fr102>
File: pic/traffic/c389b48c98f34cce898d9c1baa2ed346LTsk9cwQTrdumRQT-103.png Graphic file (type bmp)
<pic/traffic/c389b48c98f34cce898d9c1baa2ed346LTsk9cwQTrdumRQT-103.png>
 <a4,fr103>
File: pic/traffic/c389b48c98f34cce898d9c1baa2ed346LTsk9cwQTrdumRQT-104.png Graphic file (type bmp)
<pic/traffic/c389b48c98f34cce898d9c1baa2ed346LTsk9cwQTrdumRQT-104.png>
 <a4,fr104>
File: pic/traffic/c389b48c98f34cce898d9c1baa2ed346LTsk9cwQTrdumRQT-105.png Graphic file (type bmp)
<pic/traffic/c389b48c98f34cce898d9c1baa2ed346LTsk9cwQTrdumRQT-105.png>
 <a4,fr105>
File: pic/traffic/c389b48c98f34cce898d9c1baa2ed346LTsk9cwQTrdumRQT-106.png Graphic file (type bmp)
<pic/traffic/c389b48c98f34cce898d9c1baa2ed346LTsk9cwQTrdumRQT-106.png>
 <a4,fr106>
File: pic/traffic/c389b48c98f34cce898d9c1baa2ed346LTsk9cwQTrdumRQT-107.png Graphic file (type bmp)
<pic/traffic/c389b48c98f34cce898d9c1baa2ed346LTsk9cwQTrdumRQT-107.png>
 <a4,fr107>
File: pic/traffic/c389b48c98f34cce898d9c1baa2ed346LTsk9cwQTrdumRQT-108.png Graphic file (type bmp)
<pic/traffic/c389b48c98f34cce898d9c1baa2ed346LTsk9cwQTrdumRQT-108.png>
 <a4,fr108>
File: pic/traffic/c389b48c98f34cce898d9c1baa2ed346LTsk9cwQTrdumRQT-109.png Graphic file (type bmp)
<pic/traffic/c389b48c98f34cce898d9c1baa2ed346LTsk9cwQTrdumRQT-109.png>
 <a4,fr109>
File: pic/traffic/c389b48c98f34cce898d9c1baa2ed346LTsk9cwQTrdumRQT-110.png Graphic file (type bmp)
<pic/traffic/c389b48c98f34cce898d9c1baa2ed346LTsk9cwQTrdumRQT-110.png>
 <a4,fr110>
File: pic/traffic/c389b48c98f34cce898d9c1baa2ed346LTsk9cwQTrdumRQT-111.png Graphic file (type bmp)
<pic/traffic/c389b48c98f34cce898d9c1baa2ed346LTsk9cwQTrdumRQT-111.png>
 <a4,fr111>
File: pic/traffic/c389b48c98f34cce898d9c1baa2ed346LTsk9cwQTrdumRQT-112.png Graphic file (type bmp)
<pic/traffic/c389b48c98f34cce898d9c1baa2ed346LTsk9cwQTrdumRQT-112.png>
 <a4,fr112>
File: pic/traffic/c389b48c98f34cce898d9c1baa2ed346LTsk9cwQTrdumRQT-113.png Graphic file (type bmp)
<pic/traffic/c389b48c98f34cce898d9c1baa2ed346LTsk9cwQTrdumRQT-113.png>
 <a4,fr113>
File: pic/traffic/c389b48c98f34cce898d9c1baa2ed346LTsk9cwQTrdumRQT-114.png Graphic file (type bmp)
<pic/traffic/c389b48c98f34cce898d9c1baa2ed346LTsk9cwQTrdumRQT-114.png>
 <a4,fr114>
File: pic/traffic/c389b48c98f34cce898d9c1baa2ed346LTsk9cwQTrdumRQT-115.png Graphic file (type bmp)
<pic/traffic/c389b48c98f34cce898d9c1baa2ed346LTsk9cwQTrdumRQT-115.png>
 <a4,fr115>
File: pic/traffic/c389b48c98f34cce898d9c1baa2ed346LTsk9cwQTrdumRQT-116.png Graphic file (type bmp)
<pic/traffic/c389b48c98f34cce898d9c1baa2ed346LTsk9cwQTrdumRQT-116.png>
 <a4,fr116> <a4,fr117>
File: pic/traffic/c389b48c98f34cce898d9c1baa2ed346LTsk9cwQTrdumRQT-118.png Graphic file (type bmp)
<pic/traffic/c389b48c98f34cce898d9c1baa2ed346LTsk9cwQTrdumRQT-118.png>
 <a4,fr118>
File: pic/traffic/c389b48c98f34cce898d9c1baa2ed346LTsk9cwQTrdumRQT-119.png Graphic file (type bmp)
<pic/traffic/c389b48c98f34cce898d9c1baa2ed346LTsk9cwQTrdumRQT-119.png>
 <a4,fr119>
File: pic/traffic/c389b48c98f34cce898d9c1baa2ed346LTsk9cwQTrdumRQT-120.png Graphic file (type bmp)
<pic/traffic/c389b48c98f34cce898d9c1baa2ed346LTsk9cwQTrdumRQT-120.png>
 <a4,fr120>
File: pic/traffic/c389b48c98f34cce898d9c1baa2ed346LTsk9cwQTrdumRQT-121.png Graphic file (type bmp)
<pic/traffic/c389b48c98f34cce898d9c1baa2ed346LTsk9cwQTrdumRQT-121.png>
 <a4,fr121>
File: pic/traffic/c389b48c98f34cce898d9c1baa2ed346LTsk9cwQTrdumRQT-122.png Graphic file (type bmp)
<pic/traffic/c389b48c98f34cce898d9c1baa2ed346LTsk9cwQTrdumRQT-122.png>
 <a4,fr122>
File: pic/traffic/c389b48c98f34cce898d9c1baa2ed346LTsk9cwQTrdumRQT-123.png Graphic file (type bmp)
<pic/traffic/c389b48c98f34cce898d9c1baa2ed346LTsk9cwQTrdumRQT-123.png>
 <a4,fr123>
File: pic/traffic/c389b48c98f34cce898d9c1baa2ed346LTsk9cwQTrdumRQT-124.png Graphic file (type bmp)
<pic/traffic/c389b48c98f34cce898d9c1baa2ed346LTsk9cwQTrdumRQT-124.png>
 <a4,fr124>
File: pic/traffic/c389b48c98f34cce898d9c1baa2ed346LTsk9cwQTrdumRQT-125.png Graphic file (type bmp)
<pic/traffic/c389b48c98f34cce898d9c1baa2ed346LTsk9cwQTrdumRQT-125.png>
 <a4,fr125>
File: pic/traffic/c389b48c98f34cce898d9c1baa2ed346LTsk9cwQTrdumRQT-126.png Graphic file (type bmp)
<pic/traffic/c389b48c98f34cce898d9c1baa2ed346LTsk9cwQTrdumRQT-126.png>
 <a4,fr126>
File: pic/traffic/c389b48c98f34cce898d9c1baa2ed346LTsk9cwQTrdumRQT-127.png Graphic file (type bmp)
<pic/traffic/c389b48c98f34cce898d9c1baa2ed346LTsk9cwQTrdumRQT-127.png>
 <a4,fr127>
File: pic/traffic/c389b48c98f34cce898d9c1baa2ed346LTsk9cwQTrdumRQT-128.png Graphic file (type bmp)
<pic/traffic/c389b48c98f34cce898d9c1baa2ed346LTsk9cwQTrdumRQT-128.png>
 <a4,fr128>
File: pic/traffic/c389b48c98f34cce898d9c1baa2ed346LTsk9cwQTrdumRQT-129.png Graphic file (type bmp)
<pic/traffic/c389b48c98f34cce898d9c1baa2ed346LTsk9cwQTrdumRQT-129.png>
 <a4,fr129>
File: pic/traffic/c389b48c98f34cce898d9c1baa2ed346LTsk9cwQTrdumRQT-130.png Graphic file (type bmp)
<pic/traffic/c389b48c98f34cce898d9c1baa2ed346LTsk9cwQTrdumRQT-130.png>
 <a4,fr130>
File: pic/traffic/c389b48c98f34cce898d9c1baa2ed346LTsk9cwQTrdumRQT-131.png Graphic file (type bmp)
<pic/traffic/c389b48c98f34cce898d9c1baa2ed346LTsk9cwQTrdumRQT-131.png>
 <a4,fr131>
File: pic/traffic/c389b48c98f34cce898d9c1baa2ed346LTsk9cwQTrdumRQT-132.png Graphic file (type bmp)
<pic/traffic/c389b48c98f34cce898d9c1baa2ed346LTsk9cwQTrdumRQT-132.png>
 <a4,fr132>
File: pic/traffic/c389b48c98f34cce898d9c1baa2ed346LTsk9cwQTrdumRQT-133.png Graphic file (type bmp)
<pic/traffic/c389b48c98f34cce898d9c1baa2ed346LTsk9cwQTrdumRQT-133.png>
 <a4,fr133>
File: pic/traffic/c389b48c98f34cce898d9c1baa2ed346LTsk9cwQTrdumRQT-134.png Graphic file (type bmp)
<pic/traffic/c389b48c98f34cce898d9c1baa2ed346LTsk9cwQTrdumRQT-134.png>
 <a4,fr134>
File: pic/traffic/c389b48c98f34cce898d9c1baa2ed346LTsk9cwQTrdumRQT-135.png Graphic file (type bmp)
<pic/traffic/c389b48c98f34cce898d9c1baa2ed346LTsk9cwQTrdumRQT-135.png>
 <a4,fr135>
File: pic/traffic/c389b48c98f34cce898d9c1baa2ed346LTsk9cwQTrdumRQT-136.png Graphic file (type bmp)
<pic/traffic/c389b48c98f34cce898d9c1baa2ed346LTsk9cwQTrdumRQT-136.png>
 <a4,fr136>
File: pic/traffic/c389b48c98f34cce898d9c1baa2ed346LTsk9cwQTrdumRQT-137.png Graphic file (type bmp)
<pic/traffic/c389b48c98f34cce898d9c1baa2ed346LTsk9cwQTrdumRQT-137.png>
 <a4,fr137>
File: pic/traffic/c389b48c98f34cce898d9c1baa2ed346LTsk9cwQTrdumRQT-138.png Graphic file (type bmp)
<pic/traffic/c389b48c98f34cce898d9c1baa2ed346LTsk9cwQTrdumRQT-138.png>
 <a4,fr138>
File: pic/traffic/c389b48c98f34cce898d9c1baa2ed346LTsk9cwQTrdumRQT-139.png Graphic file (type bmp)
<pic/traffic/c389b48c98f34cce898d9c1baa2ed346LTsk9cwQTrdumRQT-139.png>
 <a4,fr139>
File: pic/traffic/c389b48c98f34cce898d9c1baa2ed346LTsk9cwQTrdumRQT-140.png Graphic file (type bmp)
<pic/traffic/c389b48c98f34cce898d9c1baa2ed346LTsk9cwQTrdumRQT-140.png>
 <a4,fr140>
File: pic/traffic/c389b48c98f34cce898d9c1baa2ed346LTsk9cwQTrdumRQT-141.png Graphic file (type bmp)
<pic/traffic/c389b48c98f34cce898d9c1baa2ed346LTsk9cwQTrdumRQT-141.png>
 <a4,fr141>
File: pic/traffic/c389b48c98f34cce898d9c1baa2ed346LTsk9cwQTrdumRQT-142.png Graphic file (type bmp)
<pic/traffic/c389b48c98f34cce898d9c1baa2ed346LTsk9cwQTrdumRQT-142.png>
 <a4,fr142>
File: pic/traffic/c389b48c98f34cce898d9c1baa2ed346LTsk9cwQTrdumRQT-143.png Graphic file (type bmp)
<pic/traffic/c389b48c98f34cce898d9c1baa2ed346LTsk9cwQTrdumRQT-143.png>
 <a4,fr143>
File: pic/traffic/c389b48c98f34cce898d9c1baa2ed346LTsk9cwQTrdumRQT-144.png Graphic file (type bmp)
<pic/traffic/c389b48c98f34cce898d9c1baa2ed346LTsk9cwQTrdumRQT-144.png>
 <a4,fr144>
File: pic/traffic/c389b48c98f34cce898d9c1baa2ed346LTsk9cwQTrdumRQT-145.png Graphic file (type bmp)
<pic/traffic/c389b48c98f34cce898d9c1baa2ed346LTsk9cwQTrdumRQT-145.png>
 <a4,fr145>
File: pic/traffic/c389b48c98f34cce898d9c1baa2ed346LTsk9cwQTrdumRQT-146.png Graphic file (type bmp)
<pic/traffic/c389b48c98f34cce898d9c1baa2ed346LTsk9cwQTrdumRQT-146.png>
 <a4,fr146>
File: pic/traffic/c389b48c98f34cce898d9c1baa2ed346LTsk9cwQTrdumRQT-147.png Graphic file (type bmp)
<pic/traffic/c389b48c98f34cce898d9c1baa2ed346LTsk9cwQTrdumRQT-147.png>
 <a4,fr147>
File: pic/traffic/c389b48c98f34cce898d9c1baa2ed346LTsk9cwQTrdumRQT-148.png Graphic file (type bmp)
<pic/traffic/c389b48c98f34cce898d9c1baa2ed346LTsk9cwQTrdumRQT-148.png>
 <a4,fr148>
File: pic/traffic/c389b48c98f34cce898d9c1baa2ed346LTsk9cwQTrdumRQT-149.png Graphic file (type bmp)
<pic/traffic/c389b48c98f34cce898d9c1baa2ed346LTsk9cwQTrdumRQT-149.png>
 <a4,fr149>
File: pic/traffic/c389b48c98f34cce898d9c1baa2ed346LTsk9cwQTrdumRQT-150.png Graphic file (type bmp)
<pic/traffic/c389b48c98f34cce898d9c1baa2ed346LTsk9cwQTrdumRQT-150.png>
 <a4,fr150>
File: pic/traffic/c389b48c98f34cce898d9c1baa2ed346LTsk9cwQTrdumRQT-151.png Graphic file (type bmp)
<pic/traffic/c389b48c98f34cce898d9c1baa2ed346LTsk9cwQTrdumRQT-151.png>
 <a4,fr151>
File: pic/traffic/c389b48c98f34cce898d9c1baa2ed346LTsk9cwQTrdumRQT-152.png Graphic file (type bmp)
<pic/traffic/c389b48c98f34cce898d9c1baa2ed346LTsk9cwQTrdumRQT-152.png>
 <a4,fr152>
File: pic/traffic/c389b48c98f34cce898d9c1baa2ed346LTsk9cwQTrdumRQT-153.png Graphic file (type bmp)
<pic/traffic/c389b48c98f34cce898d9c1baa2ed346LTsk9cwQTrdumRQT-153.png>
 <a4,fr153>
File: pic/traffic/c389b48c98f34cce898d9c1baa2ed346LTsk9cwQTrdumRQT-154.png Graphic file (type bmp)
<pic/traffic/c389b48c98f34cce898d9c1baa2ed346LTsk9cwQTrdumRQT-154.png>
 <a4,fr154>
File: pic/traffic/c389b48c98f34cce898d9c1baa2ed346LTsk9cwQTrdumRQT-155.png Graphic file (type bmp)
<pic/traffic/c389b48c98f34cce898d9c1baa2ed346LTsk9cwQTrdumRQT-155.png>
 <a4,fr155>
File: pic/traffic/c389b48c98f34cce898d9c1baa2ed346LTsk9cwQTrdumRQT-156.png Graphic file (type bmp)
<pic/traffic/c389b48c98f34cce898d9c1baa2ed346LTsk9cwQTrdumRQT-156.png>
 <a4,fr156>
File: pic/traffic/c389b48c98f34cce898d9c1baa2ed346LTsk9cwQTrdumRQT-157.png Graphic file (type bmp)
<pic/traffic/c389b48c98f34cce898d9c1baa2ed346LTsk9cwQTrdumRQT-157.png>
 <a4,fr157>
File: pic/traffic/c389b48c98f34cce898d9c1baa2ed346LTsk9cwQTrdumRQT-158.png Graphic file (type bmp)
<pic/traffic/c389b48c98f34cce898d9c1baa2ed346LTsk9cwQTrdumRQT-158.png>
 <a4,fr158>
File: pic/traffic/c389b48c98f34cce898d9c1baa2ed346LTsk9cwQTrdumRQT-159.png Graphic file (type bmp)
<pic/traffic/c389b48c98f34cce898d9c1baa2ed346LTsk9cwQTrdumRQT-159.png>
 <a4,fr159>
File: pic/traffic/c389b48c98f34cce898d9c1baa2ed346LTsk9cwQTrdumRQT-160.png Graphic file (type bmp)
<pic/traffic/c389b48c98f34cce898d9c1baa2ed346LTsk9cwQTrdumRQT-160.png>
 <a4,fr160>
File: pic/traffic/c389b48c98f34cce898d9c1baa2ed346LTsk9cwQTrdumRQT-161.png Graphic file (type bmp)
<pic/traffic/c389b48c98f34cce898d9c1baa2ed346LTsk9cwQTrdumRQT-161.png>
 <a4,fr161>
File: pic/traffic/c389b48c98f34cce898d9c1baa2ed346LTsk9cwQTrdumRQT-162.png Graphic file (type bmp)
<pic/traffic/c389b48c98f34cce898d9c1baa2ed346LTsk9cwQTrdumRQT-162.png>
 <a4,fr162>
File: pic/traffic/c389b48c98f34cce898d9c1baa2ed346LTsk9cwQTrdumRQT-163.png Graphic file (type bmp)
<pic/traffic/c389b48c98f34cce898d9c1baa2ed346LTsk9cwQTrdumRQT-163.png>
 <a4,fr163>
File: pic/traffic/c389b48c98f34cce898d9c1baa2ed346LTsk9cwQTrdumRQT-164.png Graphic file (type bmp)
<pic/traffic/c389b48c98f34cce898d9c1baa2ed346LTsk9cwQTrdumRQT-164.png>
 <a4,fr164>
File: pic/traffic/c389b48c98f34cce898d9c1baa2ed346LTsk9cwQTrdumRQT-165.png Graphic file (type bmp)
<pic/traffic/c389b48c98f34cce898d9c1baa2ed346LTsk9cwQTrdumRQT-165.png>
 <a4,fr165>
File: pic/traffic/c389b48c98f34cce898d9c1baa2ed346LTsk9cwQTrdumRQT-166.png Graphic file (type bmp)
<pic/traffic/c389b48c98f34cce898d9c1baa2ed346LTsk9cwQTrdumRQT-166.png>
 <a4,fr166>
File: pic/traffic/c389b48c98f34cce898d9c1baa2ed346LTsk9cwQTrdumRQT-167.png Graphic file (type bmp)
<pic/traffic/c389b48c98f34cce898d9c1baa2ed346LTsk9cwQTrdumRQT-167.png>
 <a4,fr167>
File: pic/traffic/c389b48c98f34cce898d9c1baa2ed346LTsk9cwQTrdumRQT-168.png Graphic file (type bmp)
<pic/traffic/c389b48c98f34cce898d9c1baa2ed346LTsk9cwQTrdumRQT-168.png>
 <a4,fr168>
File: pic/traffic/c389b48c98f34cce898d9c1baa2ed346LTsk9cwQTrdumRQT-169.png Graphic file (type bmp)
<pic/traffic/c389b48c98f34cce898d9c1baa2ed346LTsk9cwQTrdumRQT-169.png>
 <a4,fr169>
File: pic/traffic/c389b48c98f34cce898d9c1baa2ed346LTsk9cwQTrdumRQT-170.png Graphic file (type bmp)
<pic/traffic/c389b48c98f34cce898d9c1baa2ed346LTsk9cwQTrdumRQT-170.png>
 <a4,fr170>
File: pic/traffic/c389b48c98f34cce898d9c1baa2ed346LTsk9cwQTrdumRQT-171.png Graphic file (type bmp)
<pic/traffic/c389b48c98f34cce898d9c1baa2ed346LTsk9cwQTrdumRQT-171.png>
 <a4,fr171> <a4,fr172>
File: pic/traffic/c389b48c98f34cce898d9c1baa2ed346LTsk9cwQTrdumRQT-173.png Graphic file (type bmp)
<pic/traffic/c389b48c98f34cce898d9c1baa2ed346LTsk9cwQTrdumRQT-173.png>
 <a4,fr173>
File: pic/traffic/c389b48c98f34cce898d9c1baa2ed346LTsk9cwQTrdumRQT-174.png Graphic file (type bmp)
<pic/traffic/c389b48c98f34cce898d9c1baa2ed346LTsk9cwQTrdumRQT-174.png>
 <a4,fr174>
File: pic/traffic/c389b48c98f34cce898d9c1baa2ed346LTsk9cwQTrdumRQT-175.png Graphic file (type bmp)
<pic/traffic/c389b48c98f34cce898d9c1baa2ed346LTsk9cwQTrdumRQT-175.png>
 <a4,fr175>
File: pic/traffic/c389b48c98f34cce898d9c1baa2ed346LTsk9cwQTrdumRQT-176.png Graphic file (type bmp)
<pic/traffic/c389b48c98f34cce898d9c1baa2ed346LTsk9cwQTrdumRQT-176.png>
 <a4,fr176>
File: pic/traffic/c389b48c98f34cce898d9c1baa2ed346LTsk9cwQTrdumRQT-177.png Graphic file (type bmp)
<pic/traffic/c389b48c98f34cce898d9c1baa2ed346LTsk9cwQTrdumRQT-177.png>
 <a4,fr177>
File: pic/traffic/c389b48c98f34cce898d9c1baa2ed346LTsk9cwQTrdumRQT-178.png Graphic file (type bmp)
<pic/traffic/c389b48c98f34cce898d9c1baa2ed346LTsk9cwQTrdumRQT-178.png>
 <a4,fr178>
File: pic/traffic/c389b48c98f34cce898d9c1baa2ed346LTsk9cwQTrdumRQT-179.png Graphic file (type bmp)
<pic/traffic/c389b48c98f34cce898d9c1baa2ed346LTsk9cwQTrdumRQT-179.png>
 <a4,fr179>
File: pic/traffic/c389b48c98f34cce898d9c1baa2ed346LTsk9cwQTrdumRQT-180.png Graphic file (type bmp)
<pic/traffic/c389b48c98f34cce898d9c1baa2ed346LTsk9cwQTrdumRQT-180.png>
 <a4,fr180>
File: pic/traffic/c389b48c98f34cce898d9c1baa2ed346LTsk9cwQTrdumRQT-181.png Graphic file (type bmp)
<pic/traffic/c389b48c98f34cce898d9c1baa2ed346LTsk9cwQTrdumRQT-181.png>
 <a4,fr181>
File: pic/traffic/c389b48c98f34cce898d9c1baa2ed346LTsk9cwQTrdumRQT-182.png Graphic file (type bmp)
<pic/traffic/c389b48c98f34cce898d9c1baa2ed346LTsk9cwQTrdumRQT-182.png>
 <a4,fr182>
File: pic/traffic/c389b48c98f34cce898d9c1baa2ed346LTsk9cwQTrdumRQT-183.png Graphic file (type bmp)
<pic/traffic/c389b48c98f34cce898d9c1baa2ed346LTsk9cwQTrdumRQT-183.png>
 <a4,fr183>
File: pic/traffic/c389b48c98f34cce898d9c1baa2ed346LTsk9cwQTrdumRQT-184.png Graphic file (type bmp)
<pic/traffic/c389b48c98f34cce898d9c1baa2ed346LTsk9cwQTrdumRQT-184.png>
 <a4,fr184>
File: pic/traffic/c389b48c98f34cce898d9c1baa2ed346LTsk9cwQTrdumRQT-185.png Graphic file (type bmp)
<pic/traffic/c389b48c98f34cce898d9c1baa2ed346LTsk9cwQTrdumRQT-185.png>
 <a4,fr185>
File: pic/traffic/c389b48c98f34cce898d9c1baa2ed346LTsk9cwQTrdumRQT-186.png Graphic file (type bmp)
<pic/traffic/c389b48c98f34cce898d9c1baa2ed346LTsk9cwQTrdumRQT-186.png>
 <a4,fr186>
File: pic/traffic/c389b48c98f34cce898d9c1baa2ed346LTsk9cwQTrdumRQT-187.png Graphic file (type bmp)
<pic/traffic/c389b48c98f34cce898d9c1baa2ed346LTsk9cwQTrdumRQT-187.png>
 <a4,fr187>
File: pic/traffic/c389b48c98f34cce898d9c1baa2ed346LTsk9cwQTrdumRQT-188.png Graphic file (type bmp)
<pic/traffic/c389b48c98f34cce898d9c1baa2ed346LTsk9cwQTrdumRQT-188.png>
 <a4,fr188>
File: pic/traffic/c389b48c98f34cce898d9c1baa2ed346LTsk9cwQTrdumRQT-189.png Graphic file (type bmp)
<pic/traffic/c389b48c98f34cce898d9c1baa2ed346LTsk9cwQTrdumRQT-189.png>
 <a4,fr189>
File: pic/traffic/c389b48c98f34cce898d9c1baa2ed346LTsk9cwQTrdumRQT-190.png Graphic file (type bmp)
<pic/traffic/c389b48c98f34cce898d9c1baa2ed346LTsk9cwQTrdumRQT-190.png>
 <a4,fr190>
File: pic/traffic/c389b48c98f34cce898d9c1baa2ed346LTsk9cwQTrdumRQT-191.png Graphic file (type bmp)
<pic/traffic/c389b48c98f34cce898d9c1baa2ed346LTsk9cwQTrdumRQT-191.png>
 <a4,fr191>
File: pic/traffic/c389b48c98f34cce898d9c1baa2ed346LTsk9cwQTrdumRQT-192.png Graphic file (type bmp)
<pic/traffic/c389b48c98f34cce898d9c1baa2ed346LTsk9cwQTrdumRQT-192.png>
 <a4,fr192>
File: pic/traffic/c389b48c98f34cce898d9c1baa2ed346LTsk9cwQTrdumRQT-193.png Graphic file (type bmp)
<pic/traffic/c389b48c98f34cce898d9c1baa2ed346LTsk9cwQTrdumRQT-193.png>
 <a4,fr193>
File: pic/traffic/c389b48c98f34cce898d9c1baa2ed346LTsk9cwQTrdumRQT-194.png Graphic file (type bmp)
<pic/traffic/c389b48c98f34cce898d9c1baa2ed346LTsk9cwQTrdumRQT-194.png>
 <a4,fr194>
File: pic/traffic/c389b48c98f34cce898d9c1baa2ed346LTsk9cwQTrdumRQT-195.png Graphic file (type bmp)
<pic/traffic/c389b48c98f34cce898d9c1baa2ed346LTsk9cwQTrdumRQT-195.png>
 <a4,fr195>
File: pic/traffic/c389b48c98f34cce898d9c1baa2ed346LTsk9cwQTrdumRQT-196.png Graphic file (type bmp)
<pic/traffic/c389b48c98f34cce898d9c1baa2ed346LTsk9cwQTrdumRQT-196.png>
 <a4,fr196>
File: pic/traffic/c389b48c98f34cce898d9c1baa2ed346LTsk9cwQTrdumRQT-197.png Graphic file (type bmp)
<pic/traffic/c389b48c98f34cce898d9c1baa2ed346LTsk9cwQTrdumRQT-197.png>
 <a4,fr197>
File: pic/traffic/c389b48c98f34cce898d9c1baa2ed346LTsk9cwQTrdumRQT-198.png Graphic file (type bmp)
<pic/traffic/c389b48c98f34cce898d9c1baa2ed346LTsk9cwQTrdumRQT-198.png>
 <a4,fr198>
File: pic/traffic/c389b48c98f34cce898d9c1baa2ed346LTsk9cwQTrdumRQT-199.png Graphic file (type bmp)
<pic/traffic/c389b48c98f34cce898d9c1baa2ed346LTsk9cwQTrdumRQT-199.png>
 <a4,fr199>
File: pic/traffic/c389b48c98f34cce898d9c1baa2ed346LTsk9cwQTrdumRQT-200.png Graphic file (type bmp)
<pic/traffic/c389b48c98f34cce898d9c1baa2ed346LTsk9cwQTrdumRQT-200.png>
 <a4,fr200>
File: pic/traffic/c389b48c98f34cce898d9c1baa2ed346LTsk9cwQTrdumRQT-201.png Graphic file (type bmp)
<pic/traffic/c389b48c98f34cce898d9c1baa2ed346LTsk9cwQTrdumRQT-201.png>
 <a4,fr201>
File: pic/traffic/c389b48c98f34cce898d9c1baa2ed346LTsk9cwQTrdumRQT-202.png Graphic file (type bmp)
<pic/traffic/c389b48c98f34cce898d9c1baa2ed346LTsk9cwQTrdumRQT-202.png>
 <a4,fr202>
File: pic/traffic/c389b48c98f34cce898d9c1baa2ed346LTsk9cwQTrdumRQT-203.png Graphic file (type bmp)
<pic/traffic/c389b48c98f34cce898d9c1baa2ed346LTsk9cwQTrdumRQT-203.png>
 <a4,fr203>
File: pic/traffic/c389b48c98f34cce898d9c1baa2ed346LTsk9cwQTrdumRQT-204.png Graphic file (type bmp)
<pic/traffic/c389b48c98f34cce898d9c1baa2ed346LTsk9cwQTrdumRQT-204.png>
 <a4,fr204>
File: pic/traffic/c389b48c98f34cce898d9c1baa2ed346LTsk9cwQTrdumRQT-205.png Graphic file (type bmp)
<pic/traffic/c389b48c98f34cce898d9c1baa2ed346LTsk9cwQTrdumRQT-205.png>
 <a4,fr205>
File: pic/traffic/c389b48c98f34cce898d9c1baa2ed346LTsk9cwQTrdumRQT-206.png Graphic file (type bmp)
<pic/traffic/c389b48c98f34cce898d9c1baa2ed346LTsk9cwQTrdumRQT-206.png>
 <a4,fr206>
File: pic/traffic/c389b48c98f34cce898d9c1baa2ed346LTsk9cwQTrdumRQT-207.png Graphic file (type bmp)
<pic/traffic/c389b48c98f34cce898d9c1baa2ed346LTsk9cwQTrdumRQT-207.png>
 <a4,fr207>
File: pic/traffic/c389b48c98f34cce898d9c1baa2ed346LTsk9cwQTrdumRQT-208.png Graphic file (type bmp)
<pic/traffic/c389b48c98f34cce898d9c1baa2ed346LTsk9cwQTrdumRQT-208.png>
 <a4,fr208>
File: pic/traffic/c389b48c98f34cce898d9c1baa2ed346LTsk9cwQTrdumRQT-209.png Graphic file (type bmp)
<pic/traffic/c389b48c98f34cce898d9c1baa2ed346LTsk9cwQTrdumRQT-209.png>
 <a4,fr209>
File: pic/traffic/c389b48c98f34cce898d9c1baa2ed346LTsk9cwQTrdumRQT-210.png Graphic file (type bmp)
<pic/traffic/c389b48c98f34cce898d9c1baa2ed346LTsk9cwQTrdumRQT-210.png>
 <a4,fr210>
File: pic/traffic/c389b48c98f34cce898d9c1baa2ed346LTsk9cwQTrdumRQT-211.png Graphic file (type bmp)
<pic/traffic/c389b48c98f34cce898d9c1baa2ed346LTsk9cwQTrdumRQT-211.png>
 <a4,fr211>
File: pic/traffic/c389b48c98f34cce898d9c1baa2ed346LTsk9cwQTrdumRQT-212.png Graphic file (type bmp)
<pic/traffic/c389b48c98f34cce898d9c1baa2ed346LTsk9cwQTrdumRQT-212.png>
 <a4,fr212>
File: pic/traffic/c389b48c98f34cce898d9c1baa2ed346LTsk9cwQTrdumRQT-213.png Graphic file (type bmp)
<pic/traffic/c389b48c98f34cce898d9c1baa2ed346LTsk9cwQTrdumRQT-213.png>
 <a4,fr213>
File: pic/traffic/c389b48c98f34cce898d9c1baa2ed346LTsk9cwQTrdumRQT-214.png Graphic file (type bmp)
<pic/traffic/c389b48c98f34cce898d9c1baa2ed346LTsk9cwQTrdumRQT-214.png>
 <a4,fr214>
File: pic/traffic/c389b48c98f34cce898d9c1baa2ed346LTsk9cwQTrdumRQT-215.png Graphic file (type bmp)
<pic/traffic/c389b48c98f34cce898d9c1baa2ed346LTsk9cwQTrdumRQT-215.png>
 <a4,fr215>
File: pic/traffic/c389b48c98f34cce898d9c1baa2ed346LTsk9cwQTrdumRQT-216.png Graphic file (type bmp)
<pic/traffic/c389b48c98f34cce898d9c1baa2ed346LTsk9cwQTrdumRQT-216.png>
 <a4,fr216>
File: pic/traffic/c389b48c98f34cce898d9c1baa2ed346LTsk9cwQTrdumRQT-217.png Graphic file (type bmp)
<pic/traffic/c389b48c98f34cce898d9c1baa2ed346LTsk9cwQTrdumRQT-217.png>
 <a4,fr217>
File: pic/traffic/c389b48c98f34cce898d9c1baa2ed346LTsk9cwQTrdumRQT-218.png Graphic file (type bmp)
<pic/traffic/c389b48c98f34cce898d9c1baa2ed346LTsk9cwQTrdumRQT-218.png>
 <a4,fr218>
File: pic/traffic/c389b48c98f34cce898d9c1baa2ed346LTsk9cwQTrdumRQT-219.png Graphic file (type bmp)
<pic/traffic/c389b48c98f34cce898d9c1baa2ed346LTsk9cwQTrdumRQT-219.png>
 <a4,fr219>
File: pic/traffic/c389b48c98f34cce898d9c1baa2ed346LTsk9cwQTrdumRQT-220.png Graphic file (type bmp)
<pic/traffic/c389b48c98f34cce898d9c1baa2ed346LTsk9cwQTrdumRQT-220.png>
 <a4,fr220>
File: pic/traffic/c389b48c98f34cce898d9c1baa2ed346LTsk9cwQTrdumRQT-221.png Graphic file (type bmp)
<pic/traffic/c389b48c98f34cce898d9c1baa2ed346LTsk9cwQTrdumRQT-221.png>
 <a4,fr221>
File: pic/traffic/c389b48c98f34cce898d9c1baa2ed346LTsk9cwQTrdumRQT-222.png Graphic file (type bmp)
<pic/traffic/c389b48c98f34cce898d9c1baa2ed346LTsk9cwQTrdumRQT-222.png>
 <a4,fr222>
File: pic/traffic/c389b48c98f34cce898d9c1baa2ed346LTsk9cwQTrdumRQT-223.png Graphic file (type bmp)
<pic/traffic/c389b48c98f34cce898d9c1baa2ed346LTsk9cwQTrdumRQT-223.png>
 <a4,fr223>
File: pic/traffic/c389b48c98f34cce898d9c1baa2ed346LTsk9cwQTrdumRQT-224.png Graphic file (type bmp)
<pic/traffic/c389b48c98f34cce898d9c1baa2ed346LTsk9cwQTrdumRQT-224.png>
 <a4,fr224>
File: pic/traffic/c389b48c98f34cce898d9c1baa2ed346LTsk9cwQTrdumRQT-225.png Graphic file (type bmp)
<pic/traffic/c389b48c98f34cce898d9c1baa2ed346LTsk9cwQTrdumRQT-225.png>
 <a4,fr225>
File: pic/traffic/c389b48c98f34cce898d9c1baa2ed346LTsk9cwQTrdumRQT-226.png Graphic file (type bmp)
<pic/traffic/c389b48c98f34cce898d9c1baa2ed346LTsk9cwQTrdumRQT-226.png>
 <a4,fr226>
File: pic/traffic/c389b48c98f34cce898d9c1baa2ed346LTsk9cwQTrdumRQT-227.png Graphic file (type bmp)
<pic/traffic/c389b48c98f34cce898d9c1baa2ed346LTsk9cwQTrdumRQT-227.png>
 <a4,fr227>
File: pic/traffic/c389b48c98f34cce898d9c1baa2ed346LTsk9cwQTrdumRQT-228.png Graphic file (type bmp)
<pic/traffic/c389b48c98f34cce898d9c1baa2ed346LTsk9cwQTrdumRQT-228.png>
 <a4,fr228>
File: pic/traffic/c389b48c98f34cce898d9c1baa2ed346LTsk9cwQTrdumRQT-229.png Graphic file (type bmp)
<pic/traffic/c389b48c98f34cce898d9c1baa2ed346LTsk9cwQTrdumRQT-229.png>
 <a4,fr229>
File: pic/traffic/c389b48c98f34cce898d9c1baa2ed346LTsk9cwQTrdumRQT-230.png Graphic file (type bmp)
<pic/traffic/c389b48c98f34cce898d9c1baa2ed346LTsk9cwQTrdumRQT-230.png>
 <a4,fr230>
File: pic/traffic/c389b48c98f34cce898d9c1baa2ed346LTsk9cwQTrdumRQT-231.png Graphic file (type bmp)
<pic/traffic/c389b48c98f34cce898d9c1baa2ed346LTsk9cwQTrdumRQT-231.png>
 <a4,fr231>
File: pic/traffic/c389b48c98f34cce898d9c1baa2ed346LTsk9cwQTrdumRQT-232.png Graphic file (type bmp)
<pic/traffic/c389b48c98f34cce898d9c1baa2ed346LTsk9cwQTrdumRQT-232.png>
 <a4,fr232> [72

]

LaTeX Warning: Citation `sanchez2020learning' on page 73 undefined on input line 1378.

File: pic/gns.png Graphic file (type bmp)
<pic/gns.png>
[73

]
File: pic/physics/96e5eb9cda094a5dacfe00a168965330KkJlbebmdYjuPPbO-0.png Graphic file (type bmp)
<pic/physics/96e5eb9cda094a5dacfe00a168965330KkJlbebmdYjuPPbO-0.png>
 <a5,fr0>
File: pic/physics/96e5eb9cda094a5dacfe00a168965330KkJlbebmdYjuPPbO-1.png Graphic file (type bmp)
<pic/physics/96e5eb9cda094a5dacfe00a168965330KkJlbebmdYjuPPbO-1.png>
 <a5,fr1>
File: pic/physics/96e5eb9cda094a5dacfe00a168965330KkJlbebmdYjuPPbO-2.png Graphic file (type bmp)
<pic/physics/96e5eb9cda094a5dacfe00a168965330KkJlbebmdYjuPPbO-2.png>
 <a5,fr2>
File: pic/physics/96e5eb9cda094a5dacfe00a168965330KkJlbebmdYjuPPbO-3.png Graphic file (type bmp)
<pic/physics/96e5eb9cda094a5dacfe00a168965330KkJlbebmdYjuPPbO-3.png>
 <a5,fr3>
File: pic/physics/96e5eb9cda094a5dacfe00a168965330KkJlbebmdYjuPPbO-4.png Graphic file (type bmp)
<pic/physics/96e5eb9cda094a5dacfe00a168965330KkJlbebmdYjuPPbO-4.png>
 <a5,fr4>
File: pic/physics/96e5eb9cda094a5dacfe00a168965330KkJlbebmdYjuPPbO-5.png Graphic file (type bmp)
<pic/physics/96e5eb9cda094a5dacfe00a168965330KkJlbebmdYjuPPbO-5.png>
 <a5,fr5>
File: pic/physics/96e5eb9cda094a5dacfe00a168965330KkJlbebmdYjuPPbO-6.png Graphic file (type bmp)
<pic/physics/96e5eb9cda094a5dacfe00a168965330KkJlbebmdYjuPPbO-6.png>
 <a5,fr6>
File: pic/physics/96e5eb9cda094a5dacfe00a168965330KkJlbebmdYjuPPbO-7.png Graphic file (type bmp)
<pic/physics/96e5eb9cda094a5dacfe00a168965330KkJlbebmdYjuPPbO-7.png>
 <a5,fr7>
File: pic/physics/96e5eb9cda094a5dacfe00a168965330KkJlbebmdYjuPPbO-8.png Graphic file (type bmp)
<pic/physics/96e5eb9cda094a5dacfe00a168965330KkJlbebmdYjuPPbO-8.png>
 <a5,fr8>
File: pic/physics/96e5eb9cda094a5dacfe00a168965330KkJlbebmdYjuPPbO-9.png Graphic file (type bmp)
<pic/physics/96e5eb9cda094a5dacfe00a168965330KkJlbebmdYjuPPbO-9.png>
 <a5,fr9>
File: pic/physics/96e5eb9cda094a5dacfe00a168965330KkJlbebmdYjuPPbO-10.png Graphic file (type bmp)
<pic/physics/96e5eb9cda094a5dacfe00a168965330KkJlbebmdYjuPPbO-10.png>
 <a5,fr10>
File: pic/physics/96e5eb9cda094a5dacfe00a168965330KkJlbebmdYjuPPbO-11.png Graphic file (type bmp)
<pic/physics/96e5eb9cda094a5dacfe00a168965330KkJlbebmdYjuPPbO-11.png>
 <a5,fr11>
File: pic/physics/96e5eb9cda094a5dacfe00a168965330KkJlbebmdYjuPPbO-12.png Graphic file (type bmp)
<pic/physics/96e5eb9cda094a5dacfe00a168965330KkJlbebmdYjuPPbO-12.png>
 <a5,fr12>
File: pic/physics/96e5eb9cda094a5dacfe00a168965330KkJlbebmdYjuPPbO-13.png Graphic file (type bmp)
<pic/physics/96e5eb9cda094a5dacfe00a168965330KkJlbebmdYjuPPbO-13.png>
 <a5,fr13>
File: pic/physics/96e5eb9cda094a5dacfe00a168965330KkJlbebmdYjuPPbO-14.png Graphic file (type bmp)
<pic/physics/96e5eb9cda094a5dacfe00a168965330KkJlbebmdYjuPPbO-14.png>
 <a5,fr14>
File: pic/physics/96e5eb9cda094a5dacfe00a168965330KkJlbebmdYjuPPbO-15.png Graphic file (type bmp)
<pic/physics/96e5eb9cda094a5dacfe00a168965330KkJlbebmdYjuPPbO-15.png>
 <a5,fr15>
File: pic/physics/96e5eb9cda094a5dacfe00a168965330KkJlbebmdYjuPPbO-16.png Graphic file (type bmp)
<pic/physics/96e5eb9cda094a5dacfe00a168965330KkJlbebmdYjuPPbO-16.png>
 <a5,fr16>
File: pic/physics/96e5eb9cda094a5dacfe00a168965330KkJlbebmdYjuPPbO-17.png Graphic file (type bmp)
<pic/physics/96e5eb9cda094a5dacfe00a168965330KkJlbebmdYjuPPbO-17.png>
 <a5,fr17>
File: pic/physics/96e5eb9cda094a5dacfe00a168965330KkJlbebmdYjuPPbO-18.png Graphic file (type bmp)
<pic/physics/96e5eb9cda094a5dacfe00a168965330KkJlbebmdYjuPPbO-18.png>
 <a5,fr18>
File: pic/physics/96e5eb9cda094a5dacfe00a168965330KkJlbebmdYjuPPbO-19.png Graphic file (type bmp)
<pic/physics/96e5eb9cda094a5dacfe00a168965330KkJlbebmdYjuPPbO-19.png>
 <a5,fr19>
File: pic/physics/96e5eb9cda094a5dacfe00a168965330KkJlbebmdYjuPPbO-20.png Graphic file (type bmp)
<pic/physics/96e5eb9cda094a5dacfe00a168965330KkJlbebmdYjuPPbO-20.png>
 <a5,fr20>
File: pic/physics/96e5eb9cda094a5dacfe00a168965330KkJlbebmdYjuPPbO-21.png Graphic file (type bmp)
<pic/physics/96e5eb9cda094a5dacfe00a168965330KkJlbebmdYjuPPbO-21.png>
 <a5,fr21>
File: pic/physics/96e5eb9cda094a5dacfe00a168965330KkJlbebmdYjuPPbO-22.png Graphic file (type bmp)
<pic/physics/96e5eb9cda094a5dacfe00a168965330KkJlbebmdYjuPPbO-22.png>
 <a5,fr22>
File: pic/physics/96e5eb9cda094a5dacfe00a168965330KkJlbebmdYjuPPbO-23.png Graphic file (type bmp)
<pic/physics/96e5eb9cda094a5dacfe00a168965330KkJlbebmdYjuPPbO-23.png>
 <a5,fr23>
File: pic/physics/96e5eb9cda094a5dacfe00a168965330KkJlbebmdYjuPPbO-24.png Graphic file (type bmp)
<pic/physics/96e5eb9cda094a5dacfe00a168965330KkJlbebmdYjuPPbO-24.png>
 <a5,fr24>
File: pic/physics/96e5eb9cda094a5dacfe00a168965330KkJlbebmdYjuPPbO-25.png Graphic file (type bmp)
<pic/physics/96e5eb9cda094a5dacfe00a168965330KkJlbebmdYjuPPbO-25.png>
 <a5,fr25>
File: pic/physics/96e5eb9cda094a5dacfe00a168965330KkJlbebmdYjuPPbO-26.png Graphic file (type bmp)
<pic/physics/96e5eb9cda094a5dacfe00a168965330KkJlbebmdYjuPPbO-26.png>
 <a5,fr26>
File: pic/physics/96e5eb9cda094a5dacfe00a168965330KkJlbebmdYjuPPbO-27.png Graphic file (type bmp)
<pic/physics/96e5eb9cda094a5dacfe00a168965330KkJlbebmdYjuPPbO-27.png>
 <a5,fr27>
File: pic/physics/96e5eb9cda094a5dacfe00a168965330KkJlbebmdYjuPPbO-28.png Graphic file (type bmp)
<pic/physics/96e5eb9cda094a5dacfe00a168965330KkJlbebmdYjuPPbO-28.png>
 <a5,fr28>
File: pic/physics/96e5eb9cda094a5dacfe00a168965330KkJlbebmdYjuPPbO-29.png Graphic file (type bmp)
<pic/physics/96e5eb9cda094a5dacfe00a168965330KkJlbebmdYjuPPbO-29.png>
 <a5,fr29>
File: pic/physics/96e5eb9cda094a5dacfe00a168965330KkJlbebmdYjuPPbO-30.png Graphic file (type bmp)
<pic/physics/96e5eb9cda094a5dacfe00a168965330KkJlbebmdYjuPPbO-30.png>
 <a5,fr30>
File: pic/physics/96e5eb9cda094a5dacfe00a168965330KkJlbebmdYjuPPbO-31.png Graphic file (type bmp)
<pic/physics/96e5eb9cda094a5dacfe00a168965330KkJlbebmdYjuPPbO-31.png>
 <a5,fr31>
File: pic/physics/96e5eb9cda094a5dacfe00a168965330KkJlbebmdYjuPPbO-32.png Graphic file (type bmp)
<pic/physics/96e5eb9cda094a5dacfe00a168965330KkJlbebmdYjuPPbO-32.png>
 <a5,fr32>
File: pic/physics/96e5eb9cda094a5dacfe00a168965330KkJlbebmdYjuPPbO-33.png Graphic file (type bmp)
<pic/physics/96e5eb9cda094a5dacfe00a168965330KkJlbebmdYjuPPbO-33.png>
 <a5,fr33>
File: pic/physics/96e5eb9cda094a5dacfe00a168965330KkJlbebmdYjuPPbO-34.png Graphic file (type bmp)
<pic/physics/96e5eb9cda094a5dacfe00a168965330KkJlbebmdYjuPPbO-34.png>
 <a5,fr34>
File: pic/physics/96e5eb9cda094a5dacfe00a168965330KkJlbebmdYjuPPbO-35.png Graphic file (type bmp)
<pic/physics/96e5eb9cda094a5dacfe00a168965330KkJlbebmdYjuPPbO-35.png>
 <a5,fr35>
File: pic/physics/96e5eb9cda094a5dacfe00a168965330KkJlbebmdYjuPPbO-36.png Graphic file (type bmp)
<pic/physics/96e5eb9cda094a5dacfe00a168965330KkJlbebmdYjuPPbO-36.png>
 <a5,fr36>
File: pic/physics/96e5eb9cda094a5dacfe00a168965330KkJlbebmdYjuPPbO-37.png Graphic file (type bmp)
<pic/physics/96e5eb9cda094a5dacfe00a168965330KkJlbebmdYjuPPbO-37.png>
 <a5,fr37>
File: pic/physics/96e5eb9cda094a5dacfe00a168965330KkJlbebmdYjuPPbO-38.png Graphic file (type bmp)
<pic/physics/96e5eb9cda094a5dacfe00a168965330KkJlbebmdYjuPPbO-38.png>
 <a5,fr38>
File: pic/physics/96e5eb9cda094a5dacfe00a168965330KkJlbebmdYjuPPbO-39.png Graphic file (type bmp)
<pic/physics/96e5eb9cda094a5dacfe00a168965330KkJlbebmdYjuPPbO-39.png>
 <a5,fr39>
File: pic/physics/96e5eb9cda094a5dacfe00a168965330KkJlbebmdYjuPPbO-40.png Graphic file (type bmp)
<pic/physics/96e5eb9cda094a5dacfe00a168965330KkJlbebmdYjuPPbO-40.png>
 <a5,fr40>
File: pic/physics/96e5eb9cda094a5dacfe00a168965330KkJlbebmdYjuPPbO-41.png Graphic file (type bmp)
<pic/physics/96e5eb9cda094a5dacfe00a168965330KkJlbebmdYjuPPbO-41.png>
 <a5,fr41>
File: pic/physics/96e5eb9cda094a5dacfe00a168965330KkJlbebmdYjuPPbO-42.png Graphic file (type bmp)
<pic/physics/96e5eb9cda094a5dacfe00a168965330KkJlbebmdYjuPPbO-42.png>
 <a5,fr42>
File: pic/physics/96e5eb9cda094a5dacfe00a168965330KkJlbebmdYjuPPbO-43.png Graphic file (type bmp)
<pic/physics/96e5eb9cda094a5dacfe00a168965330KkJlbebmdYjuPPbO-43.png>
 <a5,fr43>
File: pic/physics/96e5eb9cda094a5dacfe00a168965330KkJlbebmdYjuPPbO-44.png Graphic file (type bmp)
<pic/physics/96e5eb9cda094a5dacfe00a168965330KkJlbebmdYjuPPbO-44.png>
 <a5,fr44>
File: pic/physics/96e5eb9cda094a5dacfe00a168965330KkJlbebmdYjuPPbO-45.png Graphic file (type bmp)
<pic/physics/96e5eb9cda094a5dacfe00a168965330KkJlbebmdYjuPPbO-45.png>
 <a5,fr45>
File: pic/physics/96e5eb9cda094a5dacfe00a168965330KkJlbebmdYjuPPbO-46.png Graphic file (type bmp)
<pic/physics/96e5eb9cda094a5dacfe00a168965330KkJlbebmdYjuPPbO-46.png>
 <a5,fr46>
File: pic/physics/96e5eb9cda094a5dacfe00a168965330KkJlbebmdYjuPPbO-47.png Graphic file (type bmp)
<pic/physics/96e5eb9cda094a5dacfe00a168965330KkJlbebmdYjuPPbO-47.png>
 <a5,fr47>
File: pic/physics/96e5eb9cda094a5dacfe00a168965330KkJlbebmdYjuPPbO-48.png Graphic file (type bmp)
<pic/physics/96e5eb9cda094a5dacfe00a168965330KkJlbebmdYjuPPbO-48.png>
 <a5,fr48>
File: pic/physics/96e5eb9cda094a5dacfe00a168965330KkJlbebmdYjuPPbO-49.png Graphic file (type bmp)
<pic/physics/96e5eb9cda094a5dacfe00a168965330KkJlbebmdYjuPPbO-49.png>
 <a5,fr49>
File: pic/physics/96e5eb9cda094a5dacfe00a168965330KkJlbebmdYjuPPbO-50.png Graphic file (type bmp)
<pic/physics/96e5eb9cda094a5dacfe00a168965330KkJlbebmdYjuPPbO-50.png>
 <a5,fr50>
File: pic/physics/96e5eb9cda094a5dacfe00a168965330KkJlbebmdYjuPPbO-51.png Graphic file (type bmp)
<pic/physics/96e5eb9cda094a5dacfe00a168965330KkJlbebmdYjuPPbO-51.png>
 <a5,fr51>
File: pic/physics/96e5eb9cda094a5dacfe00a168965330KkJlbebmdYjuPPbO-52.png Graphic file (type bmp)
<pic/physics/96e5eb9cda094a5dacfe00a168965330KkJlbebmdYjuPPbO-52.png>
 <a5,fr52>
File: pic/physics/96e5eb9cda094a5dacfe00a168965330KkJlbebmdYjuPPbO-53.png Graphic file (type bmp)
<pic/physics/96e5eb9cda094a5dacfe00a168965330KkJlbebmdYjuPPbO-53.png>
 <a5,fr53>
File: pic/physics/96e5eb9cda094a5dacfe00a168965330KkJlbebmdYjuPPbO-54.png Graphic file (type bmp)
<pic/physics/96e5eb9cda094a5dacfe00a168965330KkJlbebmdYjuPPbO-54.png>
 <a5,fr54>
File: pic/physics/96e5eb9cda094a5dacfe00a168965330KkJlbebmdYjuPPbO-55.png Graphic file (type bmp)
<pic/physics/96e5eb9cda094a5dacfe00a168965330KkJlbebmdYjuPPbO-55.png>
 <a5,fr55>
File: pic/physics/96e5eb9cda094a5dacfe00a168965330KkJlbebmdYjuPPbO-56.png Graphic file (type bmp)
<pic/physics/96e5eb9cda094a5dacfe00a168965330KkJlbebmdYjuPPbO-56.png>
 <a5,fr56>
File: pic/physics/96e5eb9cda094a5dacfe00a168965330KkJlbebmdYjuPPbO-57.png Graphic file (type bmp)
<pic/physics/96e5eb9cda094a5dacfe00a168965330KkJlbebmdYjuPPbO-57.png>
 <a5,fr57>
File: pic/physics/96e5eb9cda094a5dacfe00a168965330KkJlbebmdYjuPPbO-58.png Graphic file (type bmp)
<pic/physics/96e5eb9cda094a5dacfe00a168965330KkJlbebmdYjuPPbO-58.png>
 <a5,fr58>
File: pic/physics/96e5eb9cda094a5dacfe00a168965330KkJlbebmdYjuPPbO-59.png Graphic file (type bmp)
<pic/physics/96e5eb9cda094a5dacfe00a168965330KkJlbebmdYjuPPbO-59.png>
 <a5,fr59>
File: pic/physics/96e5eb9cda094a5dacfe00a168965330KkJlbebmdYjuPPbO-60.png Graphic file (type bmp)
<pic/physics/96e5eb9cda094a5dacfe00a168965330KkJlbebmdYjuPPbO-60.png>
 <a5,fr60>
File: pic/physics/96e5eb9cda094a5dacfe00a168965330KkJlbebmdYjuPPbO-61.png Graphic file (type bmp)
<pic/physics/96e5eb9cda094a5dacfe00a168965330KkJlbebmdYjuPPbO-61.png>
 <a5,fr61>
File: pic/physics/96e5eb9cda094a5dacfe00a168965330KkJlbebmdYjuPPbO-62.png Graphic file (type bmp)
<pic/physics/96e5eb9cda094a5dacfe00a168965330KkJlbebmdYjuPPbO-62.png>
 <a5,fr62>
File: pic/physics/96e5eb9cda094a5dacfe00a168965330KkJlbebmdYjuPPbO-63.png Graphic file (type bmp)
<pic/physics/96e5eb9cda094a5dacfe00a168965330KkJlbebmdYjuPPbO-63.png>
 <a5,fr63>
File: pic/physics/96e5eb9cda094a5dacfe00a168965330KkJlbebmdYjuPPbO-64.png Graphic file (type bmp)
<pic/physics/96e5eb9cda094a5dacfe00a168965330KkJlbebmdYjuPPbO-64.png>
 <a5,fr64>
File: pic/physics/96e5eb9cda094a5dacfe00a168965330KkJlbebmdYjuPPbO-65.png Graphic file (type bmp)
<pic/physics/96e5eb9cda094a5dacfe00a168965330KkJlbebmdYjuPPbO-65.png>
 <a5,fr65>
File: pic/physics/96e5eb9cda094a5dacfe00a168965330KkJlbebmdYjuPPbO-66.png Graphic file (type bmp)
<pic/physics/96e5eb9cda094a5dacfe00a168965330KkJlbebmdYjuPPbO-66.png>
 <a5,fr66>
File: pic/physics/96e5eb9cda094a5dacfe00a168965330KkJlbebmdYjuPPbO-67.png Graphic file (type bmp)
<pic/physics/96e5eb9cda094a5dacfe00a168965330KkJlbebmdYjuPPbO-67.png>
 <a5,fr67>
File: pic/physics/96e5eb9cda094a5dacfe00a168965330KkJlbebmdYjuPPbO-68.png Graphic file (type bmp)
<pic/physics/96e5eb9cda094a5dacfe00a168965330KkJlbebmdYjuPPbO-68.png>
 <a5,fr68>
File: pic/physics/96e5eb9cda094a5dacfe00a168965330KkJlbebmdYjuPPbO-69.png Graphic file (type bmp)
<pic/physics/96e5eb9cda094a5dacfe00a168965330KkJlbebmdYjuPPbO-69.png>
 <a5,fr69>
File: pic/physics/96e5eb9cda094a5dacfe00a168965330KkJlbebmdYjuPPbO-70.png Graphic file (type bmp)
<pic/physics/96e5eb9cda094a5dacfe00a168965330KkJlbebmdYjuPPbO-70.png>
 <a5,fr70>
File: pic/physics/96e5eb9cda094a5dacfe00a168965330KkJlbebmdYjuPPbO-71.png Graphic file (type bmp)
<pic/physics/96e5eb9cda094a5dacfe00a168965330KkJlbebmdYjuPPbO-71.png>
 <a5,fr71>
File: pic/physics/96e5eb9cda094a5dacfe00a168965330KkJlbebmdYjuPPbO-72.png Graphic file (type bmp)
<pic/physics/96e5eb9cda094a5dacfe00a168965330KkJlbebmdYjuPPbO-72.png>
 <a5,fr72>
File: pic/physics/96e5eb9cda094a5dacfe00a168965330KkJlbebmdYjuPPbO-73.png Graphic file (type bmp)
<pic/physics/96e5eb9cda094a5dacfe00a168965330KkJlbebmdYjuPPbO-73.png>
 <a5,fr73>
File: pic/physics/96e5eb9cda094a5dacfe00a168965330KkJlbebmdYjuPPbO-74.png Graphic file (type bmp)
<pic/physics/96e5eb9cda094a5dacfe00a168965330KkJlbebmdYjuPPbO-74.png>
 <a5,fr74>
File: pic/physics/96e5eb9cda094a5dacfe00a168965330KkJlbebmdYjuPPbO-75.png Graphic file (type bmp)
<pic/physics/96e5eb9cda094a5dacfe00a168965330KkJlbebmdYjuPPbO-75.png>
 <a5,fr75>
File: pic/physics/96e5eb9cda094a5dacfe00a168965330KkJlbebmdYjuPPbO-76.png Graphic file (type bmp)
<pic/physics/96e5eb9cda094a5dacfe00a168965330KkJlbebmdYjuPPbO-76.png>
 <a5,fr76>
File: pic/physics/96e5eb9cda094a5dacfe00a168965330KkJlbebmdYjuPPbO-77.png Graphic file (type bmp)
<pic/physics/96e5eb9cda094a5dacfe00a168965330KkJlbebmdYjuPPbO-77.png>
 <a5,fr77>
File: pic/physics/96e5eb9cda094a5dacfe00a168965330KkJlbebmdYjuPPbO-78.png Graphic file (type bmp)
<pic/physics/96e5eb9cda094a5dacfe00a168965330KkJlbebmdYjuPPbO-78.png>
 <a5,fr78>
File: pic/physics/96e5eb9cda094a5dacfe00a168965330KkJlbebmdYjuPPbO-79.png Graphic file (type bmp)
<pic/physics/96e5eb9cda094a5dacfe00a168965330KkJlbebmdYjuPPbO-79.png>
 <a5,fr79>
File: pic/physics/96e5eb9cda094a5dacfe00a168965330KkJlbebmdYjuPPbO-80.png Graphic file (type bmp)
<pic/physics/96e5eb9cda094a5dacfe00a168965330KkJlbebmdYjuPPbO-80.png>
 <a5,fr80>
File: pic/physics/96e5eb9cda094a5dacfe00a168965330KkJlbebmdYjuPPbO-81.png Graphic file (type bmp)
<pic/physics/96e5eb9cda094a5dacfe00a168965330KkJlbebmdYjuPPbO-81.png>
 <a5,fr81>
File: pic/physics/96e5eb9cda094a5dacfe00a168965330KkJlbebmdYjuPPbO-82.png Graphic file (type bmp)
<pic/physics/96e5eb9cda094a5dacfe00a168965330KkJlbebmdYjuPPbO-82.png>
 <a5,fr82>
File: pic/physics/96e5eb9cda094a5dacfe00a168965330KkJlbebmdYjuPPbO-83.png Graphic file (type bmp)
<pic/physics/96e5eb9cda094a5dacfe00a168965330KkJlbebmdYjuPPbO-83.png>
 <a5,fr83>
File: pic/physics/96e5eb9cda094a5dacfe00a168965330KkJlbebmdYjuPPbO-84.png Graphic file (type bmp)
<pic/physics/96e5eb9cda094a5dacfe00a168965330KkJlbebmdYjuPPbO-84.png>
 <a5,fr84>
File: pic/physics/96e5eb9cda094a5dacfe00a168965330KkJlbebmdYjuPPbO-85.png Graphic file (type bmp)
<pic/physics/96e5eb9cda094a5dacfe00a168965330KkJlbebmdYjuPPbO-85.png>
 <a5,fr85>
File: pic/physics/96e5eb9cda094a5dacfe00a168965330KkJlbebmdYjuPPbO-86.png Graphic file (type bmp)
<pic/physics/96e5eb9cda094a5dacfe00a168965330KkJlbebmdYjuPPbO-86.png>
 <a5,fr86>
File: pic/physics/96e5eb9cda094a5dacfe00a168965330KkJlbebmdYjuPPbO-87.png Graphic file (type bmp)
<pic/physics/96e5eb9cda094a5dacfe00a168965330KkJlbebmdYjuPPbO-87.png>
 <a5,fr87>
File: pic/physics/96e5eb9cda094a5dacfe00a168965330KkJlbebmdYjuPPbO-88.png Graphic file (type bmp)
<pic/physics/96e5eb9cda094a5dacfe00a168965330KkJlbebmdYjuPPbO-88.png>
 <a5,fr88>
File: pic/physics/96e5eb9cda094a5dacfe00a168965330KkJlbebmdYjuPPbO-89.png Graphic file (type bmp)
<pic/physics/96e5eb9cda094a5dacfe00a168965330KkJlbebmdYjuPPbO-89.png>
 <a5,fr89>
File: pic/physics/96e5eb9cda094a5dacfe00a168965330KkJlbebmdYjuPPbO-90.png Graphic file (type bmp)
<pic/physics/96e5eb9cda094a5dacfe00a168965330KkJlbebmdYjuPPbO-90.png>
 <a5,fr90>
File: pic/physics/96e5eb9cda094a5dacfe00a168965330KkJlbebmdYjuPPbO-91.png Graphic file (type bmp)
<pic/physics/96e5eb9cda094a5dacfe00a168965330KkJlbebmdYjuPPbO-91.png>
 <a5,fr91>
File: pic/physics/96e5eb9cda094a5dacfe00a168965330KkJlbebmdYjuPPbO-92.png Graphic file (type bmp)
<pic/physics/96e5eb9cda094a5dacfe00a168965330KkJlbebmdYjuPPbO-92.png>
 <a5,fr92>
File: pic/physics/96e5eb9cda094a5dacfe00a168965330KkJlbebmdYjuPPbO-93.png Graphic file (type bmp)
<pic/physics/96e5eb9cda094a5dacfe00a168965330KkJlbebmdYjuPPbO-93.png>
 <a5,fr93>
File: pic/physics/96e5eb9cda094a5dacfe00a168965330KkJlbebmdYjuPPbO-94.png Graphic file (type bmp)
<pic/physics/96e5eb9cda094a5dacfe00a168965330KkJlbebmdYjuPPbO-94.png>
 <a5,fr94>
File: pic/physics/96e5eb9cda094a5dacfe00a168965330KkJlbebmdYjuPPbO-95.png Graphic file (type bmp)
<pic/physics/96e5eb9cda094a5dacfe00a168965330KkJlbebmdYjuPPbO-95.png>
 <a5,fr95>
File: pic/physics/96e5eb9cda094a5dacfe00a168965330KkJlbebmdYjuPPbO-96.png Graphic file (type bmp)
<pic/physics/96e5eb9cda094a5dacfe00a168965330KkJlbebmdYjuPPbO-96.png>
 <a5,fr96>
File: pic/physics/96e5eb9cda094a5dacfe00a168965330KkJlbebmdYjuPPbO-97.png Graphic file (type bmp)
<pic/physics/96e5eb9cda094a5dacfe00a168965330KkJlbebmdYjuPPbO-97.png>
 <a5,fr97>
File: pic/physics/96e5eb9cda094a5dacfe00a168965330KkJlbebmdYjuPPbO-98.png Graphic file (type bmp)
<pic/physics/96e5eb9cda094a5dacfe00a168965330KkJlbebmdYjuPPbO-98.png>
 <a5,fr98>
File: pic/physics/96e5eb9cda094a5dacfe00a168965330KkJlbebmdYjuPPbO-99.png Graphic file (type bmp)
<pic/physics/96e5eb9cda094a5dacfe00a168965330KkJlbebmdYjuPPbO-99.png>
 <a5,fr99>
File: pic/physics/96e5eb9cda094a5dacfe00a168965330KkJlbebmdYjuPPbO-100.png Graphic file (type bmp)
<pic/physics/96e5eb9cda094a5dacfe00a168965330KkJlbebmdYjuPPbO-100.png>
 <a5,fr100>
File: pic/physics/96e5eb9cda094a5dacfe00a168965330KkJlbebmdYjuPPbO-101.png Graphic file (type bmp)
<pic/physics/96e5eb9cda094a5dacfe00a168965330KkJlbebmdYjuPPbO-101.png>
 <a5,fr101>
File: pic/physics/96e5eb9cda094a5dacfe00a168965330KkJlbebmdYjuPPbO-102.png Graphic file (type bmp)
<pic/physics/96e5eb9cda094a5dacfe00a168965330KkJlbebmdYjuPPbO-102.png>
 <a5,fr102>
File: pic/physics/96e5eb9cda094a5dacfe00a168965330KkJlbebmdYjuPPbO-103.png Graphic file (type bmp)
<pic/physics/96e5eb9cda094a5dacfe00a168965330KkJlbebmdYjuPPbO-103.png>
 <a5,fr103>
File: pic/physics/96e5eb9cda094a5dacfe00a168965330KkJlbebmdYjuPPbO-104.png Graphic file (type bmp)
<pic/physics/96e5eb9cda094a5dacfe00a168965330KkJlbebmdYjuPPbO-104.png>
 <a5,fr104>
File: pic/physics/96e5eb9cda094a5dacfe00a168965330KkJlbebmdYjuPPbO-105.png Graphic file (type bmp)
<pic/physics/96e5eb9cda094a5dacfe00a168965330KkJlbebmdYjuPPbO-105.png>
 <a5,fr105>
File: pic/physics/96e5eb9cda094a5dacfe00a168965330KkJlbebmdYjuPPbO-106.png Graphic file (type bmp)
<pic/physics/96e5eb9cda094a5dacfe00a168965330KkJlbebmdYjuPPbO-106.png>
 <a5,fr106>
File: pic/physics/96e5eb9cda094a5dacfe00a168965330KkJlbebmdYjuPPbO-107.png Graphic file (type bmp)
<pic/physics/96e5eb9cda094a5dacfe00a168965330KkJlbebmdYjuPPbO-107.png>
 <a5,fr107>
File: pic/physics/96e5eb9cda094a5dacfe00a168965330KkJlbebmdYjuPPbO-108.png Graphic file (type bmp)
<pic/physics/96e5eb9cda094a5dacfe00a168965330KkJlbebmdYjuPPbO-108.png>
 <a5,fr108>
File: pic/physics/96e5eb9cda094a5dacfe00a168965330KkJlbebmdYjuPPbO-109.png Graphic file (type bmp)
<pic/physics/96e5eb9cda094a5dacfe00a168965330KkJlbebmdYjuPPbO-109.png>
 <a5,fr109>
File: pic/physics/96e5eb9cda094a5dacfe00a168965330KkJlbebmdYjuPPbO-110.png Graphic file (type bmp)
<pic/physics/96e5eb9cda094a5dacfe00a168965330KkJlbebmdYjuPPbO-110.png>
 <a5,fr110>
File: pic/physics/96e5eb9cda094a5dacfe00a168965330KkJlbebmdYjuPPbO-111.png Graphic file (type bmp)
<pic/physics/96e5eb9cda094a5dacfe00a168965330KkJlbebmdYjuPPbO-111.png>
 <a5,fr111>
File: pic/physics/96e5eb9cda094a5dacfe00a168965330KkJlbebmdYjuPPbO-112.png Graphic file (type bmp)
<pic/physics/96e5eb9cda094a5dacfe00a168965330KkJlbebmdYjuPPbO-112.png>
 <a5,fr112>
File: pic/physics/96e5eb9cda094a5dacfe00a168965330KkJlbebmdYjuPPbO-113.png Graphic file (type bmp)
<pic/physics/96e5eb9cda094a5dacfe00a168965330KkJlbebmdYjuPPbO-113.png>
 <a5,fr113>
File: pic/physics/96e5eb9cda094a5dacfe00a168965330KkJlbebmdYjuPPbO-114.png Graphic file (type bmp)
<pic/physics/96e5eb9cda094a5dacfe00a168965330KkJlbebmdYjuPPbO-114.png>
 <a5,fr114>
File: pic/physics/96e5eb9cda094a5dacfe00a168965330KkJlbebmdYjuPPbO-115.png Graphic file (type bmp)
<pic/physics/96e5eb9cda094a5dacfe00a168965330KkJlbebmdYjuPPbO-115.png>
 <a5,fr115>
File: pic/physics/96e5eb9cda094a5dacfe00a168965330KkJlbebmdYjuPPbO-116.png Graphic file (type bmp)
<pic/physics/96e5eb9cda094a5dacfe00a168965330KkJlbebmdYjuPPbO-116.png>
 <a5,fr116>
File: pic/physics/96e5eb9cda094a5dacfe00a168965330KkJlbebmdYjuPPbO-117.png Graphic file (type bmp)
<pic/physics/96e5eb9cda094a5dacfe00a168965330KkJlbebmdYjuPPbO-117.png>
 <a5,fr117>
File: pic/physics/96e5eb9cda094a5dacfe00a168965330KkJlbebmdYjuPPbO-118.png Graphic file (type bmp)
<pic/physics/96e5eb9cda094a5dacfe00a168965330KkJlbebmdYjuPPbO-118.png>
 <a5,fr118>
File: pic/physics/96e5eb9cda094a5dacfe00a168965330KkJlbebmdYjuPPbO-119.png Graphic file (type bmp)
<pic/physics/96e5eb9cda094a5dacfe00a168965330KkJlbebmdYjuPPbO-119.png>
 <a5,fr119>
File: pic/physics/96e5eb9cda094a5dacfe00a168965330KkJlbebmdYjuPPbO-120.png Graphic file (type bmp)
<pic/physics/96e5eb9cda094a5dacfe00a168965330KkJlbebmdYjuPPbO-120.png>
 <a5,fr120>
File: pic/physics/96e5eb9cda094a5dacfe00a168965330KkJlbebmdYjuPPbO-121.png Graphic file (type bmp)
<pic/physics/96e5eb9cda094a5dacfe00a168965330KkJlbebmdYjuPPbO-121.png>
 <a5,fr121>
File: pic/physics/96e5eb9cda094a5dacfe00a168965330KkJlbebmdYjuPPbO-122.png Graphic file (type bmp)
<pic/physics/96e5eb9cda094a5dacfe00a168965330KkJlbebmdYjuPPbO-122.png>
 <a5,fr122>
File: pic/physics/96e5eb9cda094a5dacfe00a168965330KkJlbebmdYjuPPbO-123.png Graphic file (type bmp)
<pic/physics/96e5eb9cda094a5dacfe00a168965330KkJlbebmdYjuPPbO-123.png>
 <a5,fr123>
File: pic/physics/96e5eb9cda094a5dacfe00a168965330KkJlbebmdYjuPPbO-124.png Graphic file (type bmp)
<pic/physics/96e5eb9cda094a5dacfe00a168965330KkJlbebmdYjuPPbO-124.png>
 <a5,fr124>
File: pic/physics/96e5eb9cda094a5dacfe00a168965330KkJlbebmdYjuPPbO-125.png Graphic file (type bmp)
<pic/physics/96e5eb9cda094a5dacfe00a168965330KkJlbebmdYjuPPbO-125.png>
 <a5,fr125>
File: pic/physics/96e5eb9cda094a5dacfe00a168965330KkJlbebmdYjuPPbO-126.png Graphic file (type bmp)
<pic/physics/96e5eb9cda094a5dacfe00a168965330KkJlbebmdYjuPPbO-126.png>
 <a5,fr126>
File: pic/physics/96e5eb9cda094a5dacfe00a168965330KkJlbebmdYjuPPbO-127.png Graphic file (type bmp)
<pic/physics/96e5eb9cda094a5dacfe00a168965330KkJlbebmdYjuPPbO-127.png>
 <a5,fr127>
File: pic/physics/96e5eb9cda094a5dacfe00a168965330KkJlbebmdYjuPPbO-128.png Graphic file (type bmp)
<pic/physics/96e5eb9cda094a5dacfe00a168965330KkJlbebmdYjuPPbO-128.png>
 <a5,fr128>
File: pic/physics/96e5eb9cda094a5dacfe00a168965330KkJlbebmdYjuPPbO-129.png Graphic file (type bmp)
<pic/physics/96e5eb9cda094a5dacfe00a168965330KkJlbebmdYjuPPbO-129.png>
 <a5,fr129>
File: pic/physics/96e5eb9cda094a5dacfe00a168965330KkJlbebmdYjuPPbO-130.png Graphic file (type bmp)
<pic/physics/96e5eb9cda094a5dacfe00a168965330KkJlbebmdYjuPPbO-130.png>
 <a5,fr130>
File: pic/physics/96e5eb9cda094a5dacfe00a168965330KkJlbebmdYjuPPbO-131.png Graphic file (type bmp)
<pic/physics/96e5eb9cda094a5dacfe00a168965330KkJlbebmdYjuPPbO-131.png>
 <a5,fr131>
File: pic/physics/96e5eb9cda094a5dacfe00a168965330KkJlbebmdYjuPPbO-132.png Graphic file (type bmp)
<pic/physics/96e5eb9cda094a5dacfe00a168965330KkJlbebmdYjuPPbO-132.png>
 <a5,fr132>
File: pic/physics/96e5eb9cda094a5dacfe00a168965330KkJlbebmdYjuPPbO-133.png Graphic file (type bmp)
<pic/physics/96e5eb9cda094a5dacfe00a168965330KkJlbebmdYjuPPbO-133.png>
 <a5,fr133>
File: pic/physics/96e5eb9cda094a5dacfe00a168965330KkJlbebmdYjuPPbO-134.png Graphic file (type bmp)
<pic/physics/96e5eb9cda094a5dacfe00a168965330KkJlbebmdYjuPPbO-134.png>
 <a5,fr134>
File: pic/physics/96e5eb9cda094a5dacfe00a168965330KkJlbebmdYjuPPbO-135.png Graphic file (type bmp)
<pic/physics/96e5eb9cda094a5dacfe00a168965330KkJlbebmdYjuPPbO-135.png>
 <a5,fr135>
File: pic/physics/96e5eb9cda094a5dacfe00a168965330KkJlbebmdYjuPPbO-136.png Graphic file (type bmp)
<pic/physics/96e5eb9cda094a5dacfe00a168965330KkJlbebmdYjuPPbO-136.png>
 <a5,fr136>
File: pic/physics/96e5eb9cda094a5dacfe00a168965330KkJlbebmdYjuPPbO-137.png Graphic file (type bmp)
<pic/physics/96e5eb9cda094a5dacfe00a168965330KkJlbebmdYjuPPbO-137.png>
 <a5,fr137>
File: pic/physics/96e5eb9cda094a5dacfe00a168965330KkJlbebmdYjuPPbO-138.png Graphic file (type bmp)
<pic/physics/96e5eb9cda094a5dacfe00a168965330KkJlbebmdYjuPPbO-138.png>
 <a5,fr138>
File: pic/physics/96e5eb9cda094a5dacfe00a168965330KkJlbebmdYjuPPbO-139.png Graphic file (type bmp)
<pic/physics/96e5eb9cda094a5dacfe00a168965330KkJlbebmdYjuPPbO-139.png>
 <a5,fr139>
File: pic/physics/96e5eb9cda094a5dacfe00a168965330KkJlbebmdYjuPPbO-140.png Graphic file (type bmp)
<pic/physics/96e5eb9cda094a5dacfe00a168965330KkJlbebmdYjuPPbO-140.png>
 <a5,fr140>
File: pic/physics/96e5eb9cda094a5dacfe00a168965330KkJlbebmdYjuPPbO-141.png Graphic file (type bmp)
<pic/physics/96e5eb9cda094a5dacfe00a168965330KkJlbebmdYjuPPbO-141.png>
 <a5,fr141>
File: pic/physics/96e5eb9cda094a5dacfe00a168965330KkJlbebmdYjuPPbO-142.png Graphic file (type bmp)
<pic/physics/96e5eb9cda094a5dacfe00a168965330KkJlbebmdYjuPPbO-142.png>
 <a5,fr142>
File: pic/physics/96e5eb9cda094a5dacfe00a168965330KkJlbebmdYjuPPbO-143.png Graphic file (type bmp)
<pic/physics/96e5eb9cda094a5dacfe00a168965330KkJlbebmdYjuPPbO-143.png>
 <a5,fr143>
File: pic/physics/96e5eb9cda094a5dacfe00a168965330KkJlbebmdYjuPPbO-144.png Graphic file (type bmp)
<pic/physics/96e5eb9cda094a5dacfe00a168965330KkJlbebmdYjuPPbO-144.png>
 <a5,fr144>
File: pic/physics/96e5eb9cda094a5dacfe00a168965330KkJlbebmdYjuPPbO-145.png Graphic file (type bmp)
<pic/physics/96e5eb9cda094a5dacfe00a168965330KkJlbebmdYjuPPbO-145.png>
 <a5,fr145>
File: pic/physics/96e5eb9cda094a5dacfe00a168965330KkJlbebmdYjuPPbO-146.png Graphic file (type bmp)
<pic/physics/96e5eb9cda094a5dacfe00a168965330KkJlbebmdYjuPPbO-146.png>
 <a5,fr146>
File: pic/physics/96e5eb9cda094a5dacfe00a168965330KkJlbebmdYjuPPbO-147.png Graphic file (type bmp)
<pic/physics/96e5eb9cda094a5dacfe00a168965330KkJlbebmdYjuPPbO-147.png>
 <a5,fr147>
File: pic/physics/96e5eb9cda094a5dacfe00a168965330KkJlbebmdYjuPPbO-148.png Graphic file (type bmp)
<pic/physics/96e5eb9cda094a5dacfe00a168965330KkJlbebmdYjuPPbO-148.png>
 <a5,fr148>
File: pic/physics/96e5eb9cda094a5dacfe00a168965330KkJlbebmdYjuPPbO-149.png Graphic file (type bmp)
<pic/physics/96e5eb9cda094a5dacfe00a168965330KkJlbebmdYjuPPbO-149.png>
 <a5,fr149> [74

]
File: pic/uber_model.png Graphic file (type bmp)
<pic/uber_model.png>
 [75

]
File: pic/uber_eats/a733611516524151ebb9d28ad2c2ab68IaQ4dI3VB8Bs9CFt-0.png Graphic file (type bmp)
<pic/uber_eats/a733611516524151ebb9d28ad2c2ab68IaQ4dI3VB8Bs9CFt-0.png>
 <a6,fr0>
File: pic/uber_eats/a733611516524151ebb9d28ad2c2ab68IaQ4dI3VB8Bs9CFt-1.png Graphic file (type bmp)
<pic/uber_eats/a733611516524151ebb9d28ad2c2ab68IaQ4dI3VB8Bs9CFt-1.png>
 <a6,fr1>
File: pic/uber_eats/a733611516524151ebb9d28ad2c2ab68IaQ4dI3VB8Bs9CFt-2.png Graphic file (type bmp)
<pic/uber_eats/a733611516524151ebb9d28ad2c2ab68IaQ4dI3VB8Bs9CFt-2.png>
 <a6,fr2>
File: pic/uber_eats/a733611516524151ebb9d28ad2c2ab68IaQ4dI3VB8Bs9CFt-3.png Graphic file (type bmp)
<pic/uber_eats/a733611516524151ebb9d28ad2c2ab68IaQ4dI3VB8Bs9CFt-3.png>
 <a6,fr3>
File: pic/uber_eats/a733611516524151ebb9d28ad2c2ab68IaQ4dI3VB8Bs9CFt-4.png Graphic file (type bmp)
<pic/uber_eats/a733611516524151ebb9d28ad2c2ab68IaQ4dI3VB8Bs9CFt-4.png>
 <a6,fr4>
File: pic/uber_eats/a733611516524151ebb9d28ad2c2ab68IaQ4dI3VB8Bs9CFt-5.png Graphic file (type bmp)
<pic/uber_eats/a733611516524151ebb9d28ad2c2ab68IaQ4dI3VB8Bs9CFt-5.png>
 <a6,fr5>
File: pic/uber_eats/a733611516524151ebb9d28ad2c2ab68IaQ4dI3VB8Bs9CFt-6.png Graphic file (type bmp)
<pic/uber_eats/a733611516524151ebb9d28ad2c2ab68IaQ4dI3VB8Bs9CFt-6.png>
 <a6,fr6>
File: pic/uber_eats/a733611516524151ebb9d28ad2c2ab68IaQ4dI3VB8Bs9CFt-7.png Graphic file (type bmp)
<pic/uber_eats/a733611516524151ebb9d28ad2c2ab68IaQ4dI3VB8Bs9CFt-7.png>
 <a6,fr7>
File: pic/uber_eats/a733611516524151ebb9d28ad2c2ab68IaQ4dI3VB8Bs9CFt-8.png Graphic file (type bmp)
<pic/uber_eats/a733611516524151ebb9d28ad2c2ab68IaQ4dI3VB8Bs9CFt-8.png>
 <a6,fr8>
File: pic/uber_eats/a733611516524151ebb9d28ad2c2ab68IaQ4dI3VB8Bs9CFt-9.png Graphic file (type bmp)
<pic/uber_eats/a733611516524151ebb9d28ad2c2ab68IaQ4dI3VB8Bs9CFt-9.png>
 <a6,fr9>
File: pic/uber_eats/a733611516524151ebb9d28ad2c2ab68IaQ4dI3VB8Bs9CFt-10.png Graphic file (type bmp)
<pic/uber_eats/a733611516524151ebb9d28ad2c2ab68IaQ4dI3VB8Bs9CFt-10.png>
 <a6,fr10>
File: pic/uber_eats/a733611516524151ebb9d28ad2c2ab68IaQ4dI3VB8Bs9CFt-11.png Graphic file (type bmp)
<pic/uber_eats/a733611516524151ebb9d28ad2c2ab68IaQ4dI3VB8Bs9CFt-11.png>
 <a6,fr11>
File: pic/uber_eats/a733611516524151ebb9d28ad2c2ab68IaQ4dI3VB8Bs9CFt-12.png Graphic file (type bmp)
<pic/uber_eats/a733611516524151ebb9d28ad2c2ab68IaQ4dI3VB8Bs9CFt-12.png>
 <a6,fr12> <a6,fr13>
File: pic/uber_eats/a733611516524151ebb9d28ad2c2ab68IaQ4dI3VB8Bs9CFt-14.png Graphic file (type bmp)
<pic/uber_eats/a733611516524151ebb9d28ad2c2ab68IaQ4dI3VB8Bs9CFt-14.png>
 <a6,fr14>
File: pic/uber_eats/a733611516524151ebb9d28ad2c2ab68IaQ4dI3VB8Bs9CFt-15.png Graphic file (type bmp)
<pic/uber_eats/a733611516524151ebb9d28ad2c2ab68IaQ4dI3VB8Bs9CFt-15.png>
 <a6,fr15>
File: pic/uber_eats/a733611516524151ebb9d28ad2c2ab68IaQ4dI3VB8Bs9CFt-16.png Graphic file (type bmp)
<pic/uber_eats/a733611516524151ebb9d28ad2c2ab68IaQ4dI3VB8Bs9CFt-16.png>
 <a6,fr16>
File: pic/uber_eats/a733611516524151ebb9d28ad2c2ab68IaQ4dI3VB8Bs9CFt-17.png Graphic file (type bmp)
<pic/uber_eats/a733611516524151ebb9d28ad2c2ab68IaQ4dI3VB8Bs9CFt-17.png>
 <a6,fr17>
File: pic/uber_eats/a733611516524151ebb9d28ad2c2ab68IaQ4dI3VB8Bs9CFt-18.png Graphic file (type bmp)
<pic/uber_eats/a733611516524151ebb9d28ad2c2ab68IaQ4dI3VB8Bs9CFt-18.png>
 <a6,fr18>
File: pic/uber_eats/a733611516524151ebb9d28ad2c2ab68IaQ4dI3VB8Bs9CFt-19.png Graphic file (type bmp)
<pic/uber_eats/a733611516524151ebb9d28ad2c2ab68IaQ4dI3VB8Bs9CFt-19.png>
 <a6,fr19>
File: pic/uber_eats/a733611516524151ebb9d28ad2c2ab68IaQ4dI3VB8Bs9CFt-20.png Graphic file (type bmp)
<pic/uber_eats/a733611516524151ebb9d28ad2c2ab68IaQ4dI3VB8Bs9CFt-20.png>
 <a6,fr20>
File: pic/uber_eats/a733611516524151ebb9d28ad2c2ab68IaQ4dI3VB8Bs9CFt-21.png Graphic file (type bmp)
<pic/uber_eats/a733611516524151ebb9d28ad2c2ab68IaQ4dI3VB8Bs9CFt-21.png>
 <a6,fr21>
File: pic/uber_eats/a733611516524151ebb9d28ad2c2ab68IaQ4dI3VB8Bs9CFt-22.png Graphic file (type bmp)
<pic/uber_eats/a733611516524151ebb9d28ad2c2ab68IaQ4dI3VB8Bs9CFt-22.png>
 <a6,fr22>
File: pic/uber_eats/a733611516524151ebb9d28ad2c2ab68IaQ4dI3VB8Bs9CFt-23.png Graphic file (type bmp)
<pic/uber_eats/a733611516524151ebb9d28ad2c2ab68IaQ4dI3VB8Bs9CFt-23.png>
 <a6,fr23>
File: pic/uber_eats/a733611516524151ebb9d28ad2c2ab68IaQ4dI3VB8Bs9CFt-24.png Graphic file (type bmp)
<pic/uber_eats/a733611516524151ebb9d28ad2c2ab68IaQ4dI3VB8Bs9CFt-24.png>
 <a6,fr24>
File: pic/uber_eats/a733611516524151ebb9d28ad2c2ab68IaQ4dI3VB8Bs9CFt-25.png Graphic file (type bmp)
<pic/uber_eats/a733611516524151ebb9d28ad2c2ab68IaQ4dI3VB8Bs9CFt-25.png>
 <a6,fr25>
File: pic/uber_eats/a733611516524151ebb9d28ad2c2ab68IaQ4dI3VB8Bs9CFt-26.png Graphic file (type bmp)
<pic/uber_eats/a733611516524151ebb9d28ad2c2ab68IaQ4dI3VB8Bs9CFt-26.png>
 <a6,fr26>
File: pic/uber_eats/a733611516524151ebb9d28ad2c2ab68IaQ4dI3VB8Bs9CFt-27.png Graphic file (type bmp)
<pic/uber_eats/a733611516524151ebb9d28ad2c2ab68IaQ4dI3VB8Bs9CFt-27.png>
 <a6,fr27>
File: pic/uber_eats/a733611516524151ebb9d28ad2c2ab68IaQ4dI3VB8Bs9CFt-28.png Graphic file (type bmp)
<pic/uber_eats/a733611516524151ebb9d28ad2c2ab68IaQ4dI3VB8Bs9CFt-28.png>
 <a6,fr28>
File: pic/uber_eats/a733611516524151ebb9d28ad2c2ab68IaQ4dI3VB8Bs9CFt-29.png Graphic file (type bmp)
<pic/uber_eats/a733611516524151ebb9d28ad2c2ab68IaQ4dI3VB8Bs9CFt-29.png>
 <a6,fr29>
File: pic/uber_eats/a733611516524151ebb9d28ad2c2ab68IaQ4dI3VB8Bs9CFt-30.png Graphic file (type bmp)
<pic/uber_eats/a733611516524151ebb9d28ad2c2ab68IaQ4dI3VB8Bs9CFt-30.png>
 <a6,fr30>
Overfull \vbox (4.37141pt too high) detected at line 1419
 []

[76

]
No file IA-PUCP_SummerCamp_2026.toc.
[77

]
File: pic/sources.png Graphic file (type bmp)
<pic/sources.png>
 [78

]
File: pic/books_source.png Graphic file (type bmp)
<pic/books_source.png>
 [79

] [80

]
No file IA-PUCP_SummerCamp_2026.bbl.
[81

]
LaTeX Font Info:    Font shape `TU/lmss/m/it' in size <24.88> not available
(Font)              Font shape `TU/lmss/m/sl' tried instead on input line 1498.
 [82

]
\tf@nav=\write7
\openout7 = `IA-PUCP_SummerCamp_2026.nav'.

\tf@toc=\write8
\openout8 = `IA-PUCP_SummerCamp_2026.toc'.

\tf@snm=\write9
\openout9 = `IA-PUCP_SummerCamp_2026.snm'.

 [83] (./IA-PUCP_SummerCamp_2026.aux)
 ***********
LaTeX2e <2025-11-01>
L3 programming layer <2026-01-19>
 ***********


LaTeX Warning: There were undefined references.


LaTeX Warning: Label(s) may have changed. Rerun to get cross-references right.


LaTeX Warning: Temporary extra page added at the end. Rerun to get it removed.


Package rerunfilecheck Warning: File `IA-PUCP_SummerCamp_2026.out' has changed.
(rerunfilecheck)                Rerun to get outlines right
(rerunfilecheck)                or use package `bookmark'.

Package rerunfilecheck Info: Checksums for `IA-PUCP_SummerCamp_2026.out':
(rerunfilecheck)             Before: <no file>
(rerunfilecheck)             After:  0E08F76411AEF719504D05A4908055AE;933.
 ) 
Here is how much of TeX's memory you used:
 57697 strings out of 470190
 1921051 string characters out of 5479683
 1588924 words of memory out of 5000000
 84509 multiletter control sequences out of 15000+600000
 639894 words of font info for 139 fonts, out of 8000000 for 9000
 14 hyphenation exceptions out of 8191
 128i,16n,123p,514b,2599s stack positions out of 10000i,1000n,20000p,200000b,200000s

Output written on IA-PUCP_SummerCamp_2026.pdf (83 pages).
